Track URI,Track Name,Album Name,Artist Name(s),Release Date,Duration (ms),Popularity,Explicit,Added By,Added At,Genres,Record Label,Danceability,Energy,Key,Loudness,Mode,Speechiness,Acousticness,Instrumentalness,Liveness,Valence,Tempo,Time Signature
spotify:track:1tH8YWCxL1rPXJwftgUhNp,"ככה וככה","בגלגול הזה","שלום חנוך",1991-03-01,261040,0,false,0l9aprgeray7lhpnynou763jx,2020-04-29T06:39:43Z,"מזרחית","NMC United Entertainment Ltd.",0.684,0.598,4,-11.118,0,0.0274,0.0326,0.000121,0.0484,0.713,123.529,4
spotify:track:0eW8YUzutBJU6UTvqes7x3,"רואים רחוק, רואים שקוף","המיטב","מאיר בנאי",2018-01-14,271440,0,false,0l9aprgeray7lhpnynou763jx,2020-04-29T06:40:02Z,"מזרחית","NMC United Entertainment Ltd.",0.255,0.443,10,-9.747,0,0.0358,0.456,0,0.122,0.183,77.797,3
spotify:track:2K6JIvH3uzjD6mIlgYO1cb,"ככלות הקול והתמונה","דני בסן","דני בסן",1985-01-01,284333,39,false,0l9aprgeray7lhpnynou763jx,2020-04-29T06:40:17Z,"","Helicon Music",0.572,0.592,8,-11.251,1,0.0318,0.291,0.0002,0.0831,0.355,146.483,4
spotify:track:4AdIeOsbSY6MRI2DesouLv,"הצל ואני","פחות אבל כואב","יהודה פוליקר",1990-12-01,254000,0,false,0l9aprgeray7lhpnynou763jx,2020-04-29T06:40:30Z,"מזרחית","NMC United Entertainment Ltd.",0.623,0.559,6,-11.701,0,0.0293,0.117,0.000568,0.199,0.807,133.296,4
spotify:track:7DkaE4o28lPoQJhTQfGSHY,"אהבתיה","אהבתיהם","שלמה ארצי",2000-04-09,241866,0,false,0l9aprgeray7lhpnynou763jx,2020-04-29T06:40:43Z,"מזרחית","Hed Arzi Ltd",0.866,0.395,4,-11.419,0,0.0503,0.366,0.000015,0.115,0.572,106.151,4
spotify:track:12PWNcUvXgbg3er6MmPgwr,"השיר שיביא לך אהבה","השירים שיביאו לכם אהבה - מבחר","גלי עטרי",2001-01-17,252480,0,false,0l9aprgeray7lhpnynou763jx,2020-04-29T06:41:09Z,"מזרחית","NMC United Entertainment Ltd.",0.583,0.789,9,-6.982,1,0.0365,0.221,0,0.0906,0.54,95.124,4
spotify:track:61Ozkao9beGZYBHsHEHcYe,"שיר אהבה בדואי","שיחות סלון","דויד ברוזה;יהונתן גפן",2019-05-29,221988,40,false,0l9aprgeray7lhpnynou763jx,2020-04-29T06:41:32Z,"מזרחית,Anti-folk","Unicell",0.529,0.492,0,-13.835,0,0.0422,0.762,0.0000572,0.29,0.628,78.375,4
spotify:track:2XnkR1fT4eM8iHKEmaJF1U,"יותר טוב כלום מכמעט","יותר טוב כלום מכמעט","עברי לידר",1999-01-01,214293,30,false,0l9aprgeray7lhpnynou763jx,2020-04-29T06:42:07Z,"מזרחית","Helicon Music",0.42,0.643,5,-7.398,1,0.0275,0.0328,0.0361,0.201,0.561,82.738,4
spotify:track:26MUmx3xqRz4fCTN2jBJWg,"יקירתי","אסף אמדורסקי","אסף אמדורסקי",2015-12-23,210373,0,false,0l9aprgeray7lhpnynou763jx,2020-04-29T06:42:49Z,"מזרחית","The Eight Note",0.635,0.314,2,-11.114,1,0.0315,0.0183,0.000906,0.11,0.139,130.171,4
spotify:track:3TUApDL7cGoDiQ80QO47T8,"אהבה","עד הקצה","דנה ברגר",2000-04-02,252373,0,false,0l9aprgeray7lhpnynou763jx,2020-04-29T06:44:08Z,"","NMC United Entertainment Ltd.",0.651,0.57,1,-6.145,0,0.0422,0.105,0.0000105,0.0954,0.284,98.885,4
spotify:track:0UMo7B4w0lZzsQIlj2OIFh,"מכה אפורה","פצעים ונשיקות","מוניקה סקס",1995-02-01,223160,0,false,0l9aprgeray7lhpnynou763jx,2020-04-29T06:44:20Z,"","Hed Arzi Ltd.",0.561,0.67,11,-9.373,0,0.0369,0.0666,0.000144,0.352,0.624,141.784,4
spotify:track:1PjkRn9UTw103jcWhQJEI3,"כולם יודעים","קרוב","אהוד בנאי",1989-09-01,216000,0,false,0l9aprgeray7lhpnynou763jx,2020-04-29T06:45:40Z,"מזרחית","NMC United Entertainment Ltd.",0.691,0.488,5,-12.092,0,0.0302,0.683,0,0.102,0.86,122.939,5
spotify:track:57MnOfC2k8G1wzoSWLzPvn,"בכל פעם שאני מתאהב (בך מחדש)","הלילות שלנו - האוסף","יזהר אשדות",2007-03-07,243560,0,false,0l9aprgeray7lhpnynou763jx,2020-04-29T06:45:54Z,"","NMC United Entertainment Ltd.",0.626,0.834,9,-6.261,1,0.0269,0.00433,0.000146,0.259,0.833,100.012,4
spotify:track:7bmSMVlRLT7NOX2qQHQIDQ,"קשה בלעדיך","קולנוע","שרון ליפשיץ",1985-01-01,240826,0,false,0l9aprgeray7lhpnynou763jx,2020-04-29T06:46:39Z,"","Hed Arzi Ltd.",0.539,0.127,3,-17.553,1,0.0394,0.778,0.0000027,0.0986,0.226,147.316,4
spotify:track:3u5tCnRZ2c72ZEj8myQg1T,"אלה","דפנה ארמוני","דפנה ארמוני",1986-09-01,202000,0,false,0l9aprgeray7lhpnynou763jx,2020-04-29T06:49:06Z,"","NMC United Entertainment Ltd.",0.525,0.0667,8,-15.885,0,0.0352,0.605,0,0.0783,0.111,83.888,4
spotify:track:15UmT9W65ccmBbdjFRRqmE,"דרך הכורכר","אריק סיני","אריק סיני",1980-04-01,268840,0,false,0l9aprgeray7lhpnynou763jx,2020-04-29T06:49:18Z,"מזרחית","NMC United Entertainment Ltd.",0.452,0.614,5,-9.776,1,0.0343,0.0149,0.000252,0.137,0.74,185.688,4
spotify:track:3kIaTTKtidBKbvMbTm46hw,"טרמינל לומינלט","שירי חג ומועד ונופל","מאיר אריאל",1979-03-01,268066,0,false,0l9aprgeray7lhpnynou763jx,2020-04-29T06:49:29Z,"","NMC United Entertainment Ltd.",0.581,0.578,4,-13.492,0,0.0584,0.642,0,0.278,0.829,109.586,4
spotify:track:7pToPOGLh4i2K1qilZInfj,"מיקה","גשם אחרון - השירים היפים של יאיר רוזנבלום","אפרים שמיר",1996-01-09,257573,0,false,0l9aprgeray7lhpnynou763jx,2020-04-29T06:49:50Z,"","Hed Arzi Ltd.",0.532,0.398,4,-9.978,0,0.0248,0.806,0,0.131,0.333,106.809,4
spotify:track:5YCNuoXAzgj2vzXKE0sEkI,"דרך המשי","דרך המשי","יהודית רביץ",1984-08-01,265000,0,false,0l9aprgeray7lhpnynou763jx,2020-04-29T06:50:32Z,"מזרחית","NMC United Entertainment Ltd.",0.747,0.264,11,-14.975,0,0.0287,0.54,0,0.0457,0.245,108.248,4
spotify:track:3ocBsaz2wiPvc4UZ2iZwoK,"זה כל הקסם","אין חלום אחר","נמרוד לב;Orli Perl",1998-01-01,351973,0,false,0l9aprgeray7lhpnynou763jx,2020-04-29T06:50:43Z,"","Hed Arzi Ltd",0.519,0.509,9,-7.595,1,0.0278,0.261,0.000138,0.202,0.119,125.554,4
spotify:track:1wj4SortdOL1UlVaN5xInx,"חצבים פורחים - Original Version","למתחילים, למתקדמים, לאספנים בלבד","תיסלם",2009-06-03,165306,0,false,0l9aprgeray7lhpnynou763jx,2020-04-29T06:55:37Z,"","NMC United Entertainment Ltd.",0.887,0.817,2,-7.597,1,0.0312,0.0684,0.0215,0.107,0.969,129.586,4
spotify:track:2R7mZKsI1n5lnyZiNmjs73,"נשל הנחש","ירוקות","מאיר אריאל",1988-03-01,427440,0,false,0l9aprgeray7lhpnynou763jx,2020-04-29T06:55:49Z,"","NMC United Entertainment Ltd.",0.576,0.328,6,-14.515,0,0.0376,0.305,0.00000507,0.147,0.246,77.878,4
spotify:track:3m07U0RlTRONkweZbYrosm,"מליארד טועים","זה רק אור הירח","אביב גפן",1992-05-28,182826,0,false,0l9aprgeray7lhpnynou763jx,2020-04-29T06:56:06Z,"מזרחית","NMC United Entertainment Ltd.",0.431,0.351,7,-14.336,1,0.0272,0.158,0.00000307,0.0726,0.315,166.934,4
spotify:track:3A9i4I8dU8VCuZsYXrT2Dg,"סיבה טובה","צל כבד","אריק סיני",1981-07-01,253413,0,false,0l9aprgeray7lhpnynou763jx,2020-04-29T06:56:15Z,"מזרחית","NMC United Entertainment Ltd.",0.494,0.799,0,-10.576,1,0.0316,0.00911,0.419,0.243,0.567,125.291,4
spotify:track:65Hhxo62bbNbEAtZPCzo0n,"בגילגול הזה","בגלגול הזה","שלום חנוך",1991-03-01,277520,0,false,0l9aprgeray7lhpnynou763jx,2020-04-29T06:57:13Z,"מזרחית","NMC United Entertainment Ltd.",0.715,0.787,9,-5.774,1,0.043,0.207,0.00000141,0.182,0.768,112.129,4
spotify:track:58JqqWVqla8jn4S8EBinrY,"פחות אבל כואב","פחות אבל כואב","יהודה פוליקר",1990-12-01,288826,0,false,0l9aprgeray7lhpnynou763jx,2020-04-29T06:57:24Z,"מזרחית","NMC United Entertainment Ltd.",0.582,0.619,2,-9.97,1,0.0277,0.303,0.000942,0.321,0.426,108.232,4
spotify:track:1u49Oz4PI7M47UMBKEJ1nL,"תגידי","תתארו לכם - אוסף משולש","שלמה ארצי",2013-03-10,231733,0,false,0l9aprgeray7lhpnynou763jx,2020-04-29T06:57:34Z,"מזרחית","Hed Arzi Ltd",0.422,0.268,6,-9.376,0,0.0312,0.94,0.0000217,0.139,0.213,127.687,4
spotify:track:0eJtF4lftSF3QF1cfwzB9f,"בלוז מדרגות הרבנות","המיטב","הכל עובר חביבי",2009-08-01,227933,0,false,0l9aprgeray7lhpnynou763jx,2020-04-29T06:58:51Z,"","Hed Arzi Ltd",0.646,0.793,6,-6.764,1,0.188,0.774,0,0.717,0.682,111.778,4
spotify:track:3HbP7Qyt6SvOXsm0lr7f1K,"יש לי סימפטיה","סימפטיה","נורית גלרון",1982-11-01,248893,0,false,0l9aprgeray7lhpnynou763jx,2020-04-29T06:59:10Z,"מזרחית","NMC United Entertainment Ltd.",0.631,0.303,7,-14.92,0,0.0364,0.386,0,0.244,0.399,115.944,4
spotify:track:0XtUWHM5enaXgdiAsMzvIz,"אוהבת אותך, עוזבת אותך","דפנה ארמוני","דפנה ארמוני",1986-09-01,335000,0,false,0l9aprgeray7lhpnynou763jx,2020-04-29T06:59:41Z,"","NMC United Entertainment Ltd.",0.655,0.464,7,-13.182,1,0.0302,0.143,0,0.0638,0.475,83.879,4
spotify:track:6L2WLxgzYQ7q3W2U9z2nhR,"נגד הרוח","המיטב","שלום חנוך",2006-01-18,344333,0,false,0l9aprgeray7lhpnynou763jx,2020-04-29T06:59:54Z,"מזרחית","NMC United Entertainment Ltd.",0.6,0.504,9,-11.387,1,0.0289,0.34,0.000074,0.161,0.614,105.731,4
spotify:track:7DCm3HPwj2RGpxG9TL6FIn,"האשה שאיתי","האשה שאיתי","דויד ברוזה",1983-02-01,403466,0,false,0l9aprgeray7lhpnynou763jx,2020-04-29T07:01:34Z,"מזרחית,Anti-folk","NMC United Entertainment Ltd.",0.479,0.546,1,-11.724,0,0.0348,0.207,0.0101,0.0855,0.311,83.27,4
spotify:track:3kKiiHpYxgsKidAZMRlITb,"שדות גולדברג","וגלוי עיניים","מאיר אריאל",1984-06-01,230733,0,false,0l9aprgeray7lhpnynou763jx,2020-04-29T07:01:53Z,"","NMC United Entertainment Ltd.",0.667,0.287,0,-13.747,1,0.149,0.492,0.00345,0.115,0.661,126.535,4
spotify:track:0CgiwDmWBRlmD4wYXBsQ5I,"תתארו לכם","שפויים","שלמה ארצי",2007-03-22,227333,0,false,0l9aprgeray7lhpnynou763jx,2020-04-29T07:02:02Z,"מזרחית","Hed Arzi Ltd",0.537,0.636,10,-6.384,1,0.0331,0.774,0,0.156,0.55,91.003,4
spotify:track:1K6C5UbbtoYbtPi7DDfl3U,"היא התווכחה איתו שעות","גבירותי ורבותי","משינה",1989-03-01,227253,0,false,0l9aprgeray7lhpnynou763jx,2020-04-29T07:02:12Z,"מזרחית","NMC United Entertainment Ltd.",0.7,0.609,11,-10.789,1,0.0433,0.25,0.000572,0.11,0.665,148.11,4
spotify:track:6PWmeKSslFabP60QFT5Tng,"סיגליות","האשה שאיתי","דויד ברוזה",1983-02-01,323146,0,false,0l9aprgeray7lhpnynou763jx,2020-04-29T07:02:22Z,"מזרחית,Anti-folk","NMC United Entertainment Ltd.",0.572,0.545,1,-10.282,0,0.0316,0.579,0.000014,0.227,0.577,125.699,4
spotify:track:757Ixv2pf2Yzkxg3fhOoTD,"שיר אהובת הספן","ריטה","ריטה",1986-01-01,260800,37,false,0l9aprgeray7lhpnynou763jx,2020-04-29T07:02:44Z,"מזרחית","NaNa Disc",0.188,0.408,5,-13.253,1,0.0346,0.615,0,0.317,0.255,174.594,4
spotify:track:5RzmZTfqjbY3aP6j8wVI3l,"לך איתה","נוער שוליים","נוער שוליים",1987-01-01,334800,0,false,0l9aprgeray7lhpnynou763jx,2020-04-29T07:03:03Z,"","Hed Arzi Ltd.",0.446,0.578,0,-9.819,0,0.0291,0.472,0,0.296,0.474,142.344,4
spotify:track:4ReLp3ZTdymfAI3hyOFTjx,"רואה לך בעיניים","רואה לך בעיניים","אתי אנקרי",1990-11-01,322000,0,false,0l9aprgeray7lhpnynou763jx,2020-04-29T07:03:32Z,"מזרחית","NMC United Entertainment Ltd.",0.543,0.323,9,-13.399,1,0.0266,0.0546,0.00000157,0.136,0.222,138.349,4
spotify:track:4JSmt3wEG9qudwWAlw8mxZ,"שיר כאב","שירי חג ומועד ונופל","מאיר אריאל",1979-03-01,416600,0,false,0l9aprgeray7lhpnynou763jx,2020-04-29T07:03:53Z,"","NMC United Entertainment Ltd.",0.47,0.509,2,-13.209,1,0.0732,0.47,0,0.123,0.199,89.91,4
spotify:track:38SxhOnrD0rHvYmhxj4DRh,"תחזור תחזור","להתראות נעורים שלום אהבה","משינה;יוסי בנאי",1995-01-01,345000,0,false,0l9aprgeray7lhpnynou763jx,2020-04-29T07:04:15Z,"מזרחית","NMC United Entertainment Ltd.",0.516,0.44,6,-10.855,1,0.0267,0.547,0.000186,0.0586,0.143,137.153,4
spotify:track:1kqoUhyY7gDpUMr2X6sN0J,"עברנו את פרעה","עברנו את פרעה","מאיר אריאל",1990-01-01,409413,30,false,0l9aprgeray7lhpnynou763jx,2020-04-29T07:04:32Z,"","NaNa Disc",0.659,0.347,4,-11.073,0,0.0389,0.73,0.000069,0.133,0.511,118.704,4
spotify:track:3wxw4f3SibF6LVCpiTZLZj,"יום יום אני הולך למעונך","המיטב","מתי כספי",2004-11-25,188266,0,false,0l9aprgeray7lhpnynou763jx,2020-04-29T07:04:47Z,"","NMC United Entertainment Ltd.",0.546,0.498,9,-11.331,0,0.0359,0.641,0.0000365,0.101,0.423,199.831,4
spotify:track:640tNg0rPyF4vTFt3fLpB1,"דרכנו","סאברס ים תיכוני","הבורגנים",2000-01-02,280213,0,false,0l9aprgeray7lhpnynou763jx,2020-04-29T07:05:03Z,"מזרחית","NMC United Entertainment Ltd.",0.551,0.325,4,-14.728,1,0.025,0.369,0,0.296,0.469,81.011,4
spotify:track:6F07SOzcYkJcp9OpH9RuxN,"שירו של שפשף","כמה אהבה - האוסף","מאיר בנאי",2002-09-29,230320,0,false,0l9aprgeray7lhpnynou763jx,2020-04-29T07:05:17Z,"מזרחית","NMC United Entertainment Ltd.",0.58,0.745,7,-8.646,0,0.0323,0.00323,0.000209,0.081,0.541,100.716,4
spotify:track:5tJNfjg9FjCrKxdp9AlVAn,"טמבל","רוצה ויהיה","ארקדי דוכין",1989-01-01,217986,0,false,0l9aprgeray7lhpnynou763jx,2020-04-29T07:05:32Z,"מזרחית","NMC United Entertainment Ltd.",0.761,0.567,7,-10.019,0,0.0387,0.676,0.0000188,0.0706,0.581,108.664,4
spotify:track:30iY2bxZDVd3kr9TTpYyll,"שקט","גן עדן עירוני","בלאגן",1992,329978,21,false,0l9aprgeray7lhpnynou763jx,2020-04-29T07:05:55Z,"","Unicell",0.242,0.184,0,-18.342,0,0.0322,0.254,0.00043,0.101,0.407,189.673,4
spotify:track:1UqARS50UENashmHmp7gmQ,"חלליות","הכל או כלום","ברי סחרוף",1991-08-02,265000,48,false,0l9aprgeray7lhpnynou763jx,2020-04-29T07:06:04Z,"מזרחית","NaNa Disc",0.552,0.64,2,-11.721,0,0.028,0.208,0,0.279,0.545,116.958,4
spotify:track:6dMDTZsHMKHzZHhr6xYx6Q,"הלילות הקסומים","המכשפות מתכסות","המכשפות",1996-03-01,223266,0,false,0l9aprgeray7lhpnynou763jx,2020-04-29T07:06:15Z,"","NMC United Entertainment Ltd.",0.549,0.57,0,-9.237,1,0.0373,0.508,0.00121,0.106,0.315,124.298,4
spotify:track:3fbZ0Up6ZCqNtVWECIRosI,"על קו הזינוק","שינויים בהרגלי הצריחה","החברים של נטאשה",1991-11-27,239000,45,false,0l9aprgeray7lhpnynou763jx,2020-04-29T07:06:41Z,"מזרחית","NaNa Disc",0.451,0.456,0,-13.692,1,0.027,0.185,0.00164,0.16,0.552,149.154,4
spotify:track:2NQ3MAvucYb5FpAQ9WhQm6,"הכעס","רשת פרפרים","רוקפור",1991-09-01,257839,0,false,0l9aprgeray7lhpnynou763jx,2020-04-29T07:07:20Z,"","NMC United Entertainment Ltd.",0.607,0.588,2,-13.512,1,0.0301,0.0876,0.0000108,0.127,0.576,127.974,4
spotify:track:64ytSB0mJV5vhcZA3yS54Q,"תותים","יללת תן","אתניקס",1992-01-01,244000,42,false,0l9aprgeray7lhpnynou763jx,2020-04-29T07:07:56Z,"מזרחית","Helicon Music",0.642,0.57,7,-13.024,1,0.0293,0.108,0.0000367,0.29,0.69,130.033,4
spotify:track:4FegVARMOcCxc3TULHunKN,"הכוכבים דולקים על אש קטנה","העמותה לחקר התמותה","משינה",1990-07-01,205706,0,false,0l9aprgeray7lhpnynou763jx,2020-04-29T07:08:13Z,"מזרחית","NMC United Entertainment Ltd.",0.529,0.738,9,-7.364,0,0.0276,0.075,0.00403,0.253,0.672,127.596,4
spotify:track:6408zLeurvIOFBhHLL9tCm,"הכוכב של מחוז גוש דן","טיפ טיפה","אהוד בנאי",1998-09-01,179826,0,false,0l9aprgeray7lhpnynou763jx,2020-04-29T07:09:50Z,"מזרחית","NMC United Entertainment Ltd.",0.689,0.749,5,-6.492,1,0.029,0.256,0,0.214,0.922,92.028,4
spotify:track:0b0IpAfEgN3Y0jOBS854Zs,"מה זאת אהבה","מה זאת אהבה","ריקי גל",1988-05-01,322906,0,false,0l9aprgeray7lhpnynou763jx,2020-04-29T07:10:06Z,"","NMC United Entertainment Ltd.",0.478,0.372,2,-8.516,0,0.0272,0.463,0.00000583,0.116,0.228,78.842,4
spotify:track:02f21GW8G0vWyE2LNkMevq,"התחייבות (אני אוהב אותך)","בתום קול הצעקה","Shay Zornitzer",1995-01-01,261453,0,false,0l9aprgeray7lhpnynou763jx,2020-04-29T07:10:39Z,"","NMC United Entertainment Ltd.",0.487,0.13,11,-18.565,0,0.0433,0.928,0,0.111,0.186,84.964,3
spotify:track:4avMHkfO03hfONwfKftyGr,"רומיאו","יהודית תמיר","יהודית תמיר",1991-05-01,279333,0,false,0l9aprgeray7lhpnynou763jx,2020-04-29T07:11:03Z,"","NMC United Entertainment Ltd.",0.536,0.561,11,-9.5,0,0.0292,0.241,0.0000013,0.0799,0.523,151.327,4
spotify:track:7uK7O4MCgt8dOx2gIWpVws,"אמסטרדם","ציירי לך שפם","נוער שוליים",1990-01-01,254000,0,false,0l9aprgeray7lhpnynou763jx,2020-04-29T07:11:17Z,"","Hed Arzi Ltd.",0.682,0.583,9,-12.89,0,0.0337,0.309,0.00243,0.164,0.507,122.02,4
spotify:track:1JgmF52J9JWm0NsIJlHKiK,"תשאירי לי מקום לחבק אותך","מה החזאי מבין","אבטיפוס",1995-01-01,212306,44,false,0l9aprgeray7lhpnynou763jx,2020-04-29T07:11:47Z,"","Helicon Music",0.582,0.567,2,-13.309,1,0.0279,0.0484,0.00000396,0.108,0.613,140.114,4
spotify:track:4YBtAHRn9rYNuMO4lkxpgr,"משהו קטן וטוב","עסקי הרוקנרול- אוסף כפול","משינה",2010-11-01,281373,0,false,0l9aprgeray7lhpnynou763jx,2020-04-29T07:12:06Z,"מזרחית","NMC United Entertainment Ltd.",0.653,0.75,7,-4.924,1,0.0271,0.0837,0.000109,0.0867,0.118,126.019,4
spotify:track:3eJnhgk6eFMi4wFhDVCQJq,"עד העונג הבא","עד העונג הבא","המכשפות",1994-07-01,171666,0,false,0l9aprgeray7lhpnynou763jx,2020-04-29T07:12:17Z,"","NMC United Entertainment Ltd.",0.649,0.559,0,-11.715,1,0.0341,0.00186,0.00237,0.0911,0.336,115.181,4
spotify:track:2KDX0mTkxIhe97QVKEZ51v,"תה עושה סחרחורת","גזוז - 20 הלהיטים","גזוז",2002-01-01,196600,0,false,0l9aprgeray7lhpnynou763jx,2020-04-29T07:12:29Z,"","Hed Arzi Ltd.",0.771,0.334,7,-9.451,0,0.047,0.77,0,0.122,0.389,89.993,4
spotify:track:1E5fBKwn2qRqrCUxnqKzSs,"שביל הבריחה","ריטה","ריטה",1986-01-01,209240,30,false,0l9aprgeray7lhpnynou763jx,2020-04-29T07:12:52Z,"מזרחית","NaNa Disc",0.472,0.528,1,-14.011,1,0.03,0.514,0.00465,0.0669,0.699,88.529,4
spotify:track:4vepqamSvmzif2yqRa3pZl,"שירים פשוטים","המיטב","שלמה גרוניך",2010-01-11,184240,0,false,0l9aprgeray7lhpnynou763jx,2020-04-29T07:13:08Z,"","NMC United Entertainment Ltd.",0.748,0.684,7,-9.499,1,0.0324,0.0706,0.00000551,0.622,0.83,119.767,4
spotify:track:08KE8MsekgQiIxoZbdVLlG,"גידי","קולנוע","שרון ליפשיץ",1985-01-01,276506,0,false,0l9aprgeray7lhpnynou763jx,2020-04-29T07:13:17Z,"","Hed Arzi Ltd.",0.766,0.393,0,-15.29,1,0.0682,0.372,0.00000112,0.0954,0.5,91.142,4
spotify:track:53zYxeOdw40Ej3BGeuNNov,"עוד חוזר הניגון","נגיעות","ברי סחרוף",1998-12-03,228306,47,false,0l9aprgeray7lhpnynou763jx,2020-04-29T07:13:45Z,"מזרחית","NaNa Disc",0.42,0.622,11,-6.834,0,0.0287,0.432,0,0.098,0.307,154.02,4
spotify:track:38RU4bzblbatpWiWeuag1r,"וביניהם","וביניהם","מאיר בנאי",1992-03-01,217973,0,false,0l9aprgeray7lhpnynou763jx,2020-04-29T07:13:57Z,"מזרחית","NMC United Entertainment Ltd.",0.643,0.638,7,-12.32,1,0.0259,0.038,0.000056,0.094,0.955,115.932,4
spotify:track:2Ra3RHxd70yRqVJaelhhjk,"הדפוק הזה","בוקר טוב","ירמי קפלן",1995-09-01,183546,0,false,0l9aprgeray7lhpnynou763jx,2020-04-29T07:14:09Z,"","NMC United Entertainment Ltd.",0.537,0.799,0,-5.296,1,0.0274,0.00357,0,0.0879,0.759,96.012,4
spotify:track:33aQ89S5ucoHGhjgK224Xa,"עכשיו מעונן","עכשיו מעונן","אביב גפן",1993-07-09,182533,0,false,0l9aprgeray7lhpnynou763jx,2020-04-29T07:14:22Z,"מזרחית","NMC United Entertainment Ltd.",0.429,0.202,9,-13.459,0,0.041,0.886,0,0.147,0.194,100.899,4
spotify:track:1MFEgtapEbULd81AlqpcUd,"כל הזמן שבעולם","דודי לוי","דודי לוי;אהוד בנאי",1997-11-01,298946,0,false,0l9aprgeray7lhpnynou763jx,2020-04-29T07:15:01Z,"מזרחית","NMC United Entertainment Ltd.",0.527,0.755,9,-5.993,1,0.0306,0.0202,0,0.313,0.386,129.849,4
spotify:track:3Lom0KJapPcQF7sidKp2tj,"שמלה אדומה","רוק בישראל - אנתולוגיה 1967-2009","מופע הארנבות של ד""ר קספר",2011-02-14,176293,0,false,0l9aprgeray7lhpnynou763jx,2020-04-29T07:15:32Z,"","NMC United Entertainment Ltd",0.522,0.861,6,-6.149,0,0.0621,0.00267,0.0000181,0.261,0.561,126.322,4
spotify:track:6x2qzl3vcvvEETRknMhGxL,"לכבוד הקיץ","גזוז - 20 הלהיטים","גזוז",2002-01-01,254026,0,false,0l9aprgeray7lhpnynou763jx,2020-04-29T07:16:02Z,"","Hed Arzi Ltd.",0.578,0.298,2,-13.33,1,0.0622,0.908,0.0000025,0.122,0.354,78.732,4
spotify:track:0dnBIauSuKOvEXPstvqWof,"אני שוכב לי על הגב","אריאל זילבר","אריאל זילבר",2012-01-01,186000,0,false,0l9aprgeray7lhpnynou763jx,2020-04-29T07:16:29Z,"","The Eight Note",0.657,0.225,5,-16.285,0,0.0348,0.963,0.0314,0.103,0.292,121.092,4
spotify:track:2vWgqm8CTyl81T2SgTNThi,"לגור איתו","דיזנגוף 99 - פס הקול העברי המקורי","ריקי גל",1979-01-01,299506,0,false,0l9aprgeray7lhpnynou763jx,2020-04-29T07:16:43Z,"","NMC United Entertainment Ltd.",0.539,0.704,5,-13.033,0,0.0635,0.0134,0.00000563,0.26,0.884,159.951,4
spotify:track:5Dzo52LubWYcADzSmV7l7d,"דברים שרציתי לומר","פחות אבל כואב","יהודה פוליקר",1990-12-01,240000,0,false,0l9aprgeray7lhpnynou763jx,2020-04-29T07:16:59Z,"מזרחית","NMC United Entertainment Ltd.",0.354,0.352,2,-11.893,0,0.03,0.749,0.00276,0.119,0.135,134.652,4
spotify:track:2Vu3VpBwLofuWf4yslFpq6,"כך ברא אותך הטבע","הלילה","ארז הלוי",1984-03-01,248000,0,false,0l9aprgeray7lhpnynou763jx,2020-04-29T07:17:18Z,"","NMC United Entertainment Ltd.",0.643,0.244,7,-19.329,0,0.0444,0.373,0.0000754,0.112,0.506,143.65,3
spotify:track:5XR3l0Hjqd8hNF41ymFG3n,"הקיץ האחרון","הקיץ האחרון","Shfiut Zmanit",1991,299807,29,false,0l9aprgeray7lhpnynou763jx,2020-04-29T07:17:40Z,"","Unicell",0.598,0.173,0,-18.059,1,0.0296,0.605,0.000443,0.132,0.273,103.572,4
spotify:track:047ErlAliYnSKqeIu6wY5D,"אינך יכולה","החלונות הגבוהים","The High Windows",1967-04-01,160546,0,false,0l9aprgeray7lhpnynou763jx,2020-04-29T07:18:07Z,"","Hed Arzi Ltd",0.551,0.647,2,-6.69,1,0.0375,0.0947,0,0.0964,0.616,138.065,4
spotify:track:5WESvrjEQaqqBBHCbJSJ9a,"שיר המכולת","סיפורי פוגי","כוורת",1973-11-01,225426,0,false,0l9aprgeray7lhpnynou763jx,2020-04-29T07:18:18Z,"מזרחית","Hed Arzi Ltd",0.531,0.763,4,-9.581,0,0.0375,0.254,0,0.137,0.83,93.507,4
spotify:track:56j1uhqQIRqAebtzc8Nd2X,"מה שיותר עמוק יותר כחול","סוף עונת התפוזים (מהדורת סימני דרך)","תמוז",1976-01-01,525480,0,false,0l9aprgeray7lhpnynou763jx,2020-04-29T07:18:34Z,"","NMC United Entertainment Ltd.",0.336,0.759,2,-8.831,1,0.0735,0.073,0.00358,0.334,0.255,131.516,4
spotify:track:6d8ThEmHddJ1tMK16r0kzI,"אמצע ספטמבר","אמצע ספטמבר","גלי עטרי",1986-03-01,245000,0,false,0l9aprgeray7lhpnynou763jx,2020-04-29T07:18:54Z,"מזרחית","NMC United Entertainment Ltd.",0.545,0.251,2,-17.636,0,0.0292,0.194,0.0000271,0.132,0.356,107.322,4
spotify:track:6M8thXrWRFHud6AxVH2tvq,"צוותא","דרכים","שלמה ארצי",1979-09-01,339226,0,false,0l9aprgeray7lhpnynou763jx,2020-04-29T07:19:06Z,"מזרחית","Hed Arzi Ltd",0.546,0.766,5,-7.88,1,0.0388,0.292,0.0000175,0.239,0.932,167.769,4
spotify:track:2b6tqiNy8IBVb2XczeXB9B,"שמתי לי פודרה","אביתר בנאי","אביתר בנאי;אפרת בן צור",1997-07-01,206600,0,false,0l9aprgeray7lhpnynou763jx,2020-04-29T07:19:55Z,"מזרחית","Hed Arzi Ltd",0.603,0.567,9,-12.556,1,0.0293,0.161,0.00269,0.133,0.391,124.318,4
spotify:track:4EJSRbkrnjf20u71fKkA7u,"לראות אותה היום","רדיו חזק","תיסלם",1981-01-01,275786,0,false,0l9aprgeray7lhpnynou763jx,2020-04-29T07:20:07Z,"","NMC United Entertainment Ltd.",0.558,0.603,3,-8.908,1,0.0351,0.0234,0.216,0.238,0.483,132.913,4
spotify:track:5DvJdKwC5rOAHK1uLEgY8x,"סוף עונת התפוזים","סוף עונת התפוזים (מהדורת סימני דרך)","תמוז",1976-01-01,271266,0,false,0l9aprgeray7lhpnynou763jx,2020-04-29T07:20:17Z,"","NMC United Entertainment Ltd.",0.46,0.839,9,-6.976,0,0.0509,0.101,0.000352,0.0639,0.409,136.581,4
spotify:track:1pnmasvxNw9NHsRjZHrE4t,"זכיתי לאהוב","זה לא אותו דבר","עברי לידר",2005-01-01,285933,40,false,0l9aprgeray7lhpnynou763jx,2020-04-29T07:20:28Z,"מזרחית","Helicon Music",0.33,0.189,4,-11.617,1,0.0296,0.959,0.00196,0.0932,0.181,134.018,4
spotify:track:6oVJWZQ7qhh192soOTCnd7,"מיכאל","קראת לי אסתר","אתי אנקרי",1993-03-01,262160,0,false,0l9aprgeray7lhpnynou763jx,2020-04-29T07:20:49Z,"מזרחית","NMC United Entertainment Ltd.",0.575,0.235,4,-19.593,0,0.0332,0.568,0.000106,0.321,0.262,136.532,4
spotify:track:0XdjLPg4gRCbroq0UQJCwA,"באה מאהבה","באה מאהבה","יהודית רביץ",1987-07-01,258040,0,false,0l9aprgeray7lhpnynou763jx,2020-04-29T07:20:59Z,"מזרחית","NMC United Entertainment Ltd.",0.617,0.711,4,-11.242,0,0.0471,0.542,0.00000851,0.092,0.63,120.525,4
spotify:track:6Y69wukQDurxiUocADUwqk,"יש בי עוד כוח","ממעמקים","עידן רייכל",2005-01-01,189840,41,false,0l9aprgeray7lhpnynou763jx,2020-04-29T07:21:45Z,"מזרחית","Helicon Music",0.471,0.503,6,-7.272,1,0.0286,0.549,0.0000825,0.147,0.45,78.04,4
spotify:track:6E0xd4DOYYIJFMhEDNt8ap,"ענוג","ציירי לך שפם","נוער שוליים",1990-01-01,207000,0,false,0l9aprgeray7lhpnynou763jx,2020-04-29T07:22:05Z,"","Hed Arzi Ltd.",0.754,0.513,7,-12.261,0,0.0328,0.564,0.0000182,0.0701,0.664,125.131,4
spotify:track:2cjjmyi6cjXVXW6FACBqj0,"חללית","גזוז - 20 הלהיטים","גזוז",2002-01-01,304480,0,false,0l9aprgeray7lhpnynou763jx,2020-04-29T07:23:00Z,"","Hed Arzi Ltd.",0.649,0.562,0,-7.69,1,0.0362,0.195,0.0000126,0.0914,0.586,99.868,4
spotify:track:3AT47Ni8uC2QuMLhQlWUql,"אוהבת לא אוהבת","להרגיש","ארקדי דוכין",2001-01-01,233266,0,false,0l9aprgeray7lhpnynou763jx,2020-04-29T07:23:18Z,"מזרחית","NMC United Entertainment Ltd.",0.591,0.934,7,-9.897,1,0.0409,0.0077,0.00096,0.0345,0.972,144.988,4
spotify:track:0APkCYf2XF6Dumem4pMPLa,"רוצי שמוליק","רוצי שמוליק","אריאל זילבר",2015-02-02,198000,0,false,0l9aprgeray7lhpnynou763jx,2020-04-29T07:23:32Z,"","The Eight Note",0.589,0.405,3,-12.879,1,0.0543,0.138,0,0.343,0.794,179.316,4
spotify:track:1jUwzo8g1fGsotw7euoL0b,"כמו אז","ירח","שלמה ארצי",1992-03-01,301933,0,false,0l9aprgeray7lhpnynou763jx,2020-04-29T07:23:42Z,"מזרחית","Hed Arzi Ltd",0.582,0.504,2,-14.409,1,0.0267,0.067,0.0000137,0.0858,0.625,138.467,4
spotify:track:7GcAiNJYFWqg3GNnvzzcwf,"ניצוצות","1900?","פורטיסחרוף;רמי פורטיס;ברי סחרוף",1990-05-25,434000,46,false,0l9aprgeray7lhpnynou763jx,2020-04-29T07:23:48Z,"מזרחית","NaNa Disc",0.336,0.416,7,-12.956,1,0.0252,0.0443,0.022,0.163,0.166,99.716,4
spotify:track:2qKbVWJ12e6QbYvbXi3ghZ,"זמנך עבר","אהוד בנאי והפליטים","אהוד בנאי",1987-08-01,246800,0,false,0l9aprgeray7lhpnynou763jx,2020-04-29T07:24:00Z,"מזרחית","NMC United Entertainment Ltd.",0.661,0.901,7,-8.28,1,0.0339,0.0468,0.00000217,0.0795,0.872,135.165,4
spotify:track:50Ag0GooRBWt7VQ64nkTye,"פצעים ונשיקות","פצעים ונשיקות","מוניקה סקס",1995-02-01,176026,0,false,0l9aprgeray7lhpnynou763jx,2020-04-29T07:24:08Z,"","Hed Arzi Ltd.",0.646,0.376,2,-12.069,1,0.0302,0.773,0.00000153,0.284,0.517,117.723,4
spotify:track:5Sq6Kpa8lxxxWJv5BH8Z84,"ילדים זה שמחה","אלי שורשים","הברירה הטבעית",2019-08-26,263653,24,false,0l9aprgeray7lhpnynou763jx,2020-04-29T07:24:22Z,"מזרחית,Gnawa","Unicell",0.405,0.565,3,-11.423,0,0.0599,0.598,0.0000174,0.0606,0.77,175.049,3
spotify:track:21jqwTxDJvFTNM4QRfOors,"הרחובות ממריאים לאט","צד א'","אסף אמדורסקי",2011-12-23,300706,0,false,0l9aprgeray7lhpnynou763jx,2020-04-29T07:24:37Z,"מזרחית","The Eight Note",0.432,0.539,0,-9.703,1,0.0389,0.742,0.00292,0.182,0.3,131.682,4
spotify:track:1Ps6QLnYJqwU28HO1KMKEQ,"יש בזה טעם","עד הקצה","דנה ברגר",2000-04-02,272560,0,false,0l9aprgeray7lhpnynou763jx,2020-04-29T07:25:15Z,"","NMC United Entertainment Ltd.",0.523,0.658,1,-8.945,0,0.0517,0.00911,0.000345,0.156,0.375,146.342,4
spotify:track:6u10RZlrJcTvGmYa30RZsv,"שטח ההפקר","40 06","גידי גוב",1983-05-01,205306,0,false,0l9aprgeray7lhpnynou763jx,2020-04-29T07:25:29Z,"מזרחית","Hed Arzi Ltd.",0.687,0.251,8,-18.22,1,0.0267,0.148,0.0037,0.0667,0.459,92.819,4
spotify:track:2hTKD3Nrz4B4LELFMaotBA,"חתול, מפלצת","סיפורים מהקופסא","רמי פורטיס;ברי סחרוף;פורטיסחרוף",1988-12-07,263000,32,false,0l9aprgeray7lhpnynou763jx,2020-04-29T07:25:46Z,"מזרחית","NaNa Disc",0.623,0.806,7,-11.103,1,0.0319,0.153,0.000348,0.0927,0.615,137.013,4
spotify:track:14Gb66x5hy8vSlBrFYV2fB,"כמה יוסי","סימנים של חולשה","ברי סחרוף",1993-12-28,271440,36,false,0l9aprgeray7lhpnynou763jx,2020-04-29T07:26:03Z,"מזרחית","NaNa Disc",0.567,0.717,1,-12.307,1,0.0367,0.00581,0.0000209,0.0517,0.808,117.566,4
spotify:track:6ytQ0L4eu79AnMH6Qf7FUC,"בלדה לנאיבית","יעל לוי","Yael Levi",1981-01-01,216733,0,false,0l9aprgeray7lhpnynou763jx,2020-04-29T07:26:54Z,"","Hed Arzi Ltd.",0.588,0.248,9,-19.068,0,0.0448,0.291,0,0.146,0.357,123.012,4
spotify:track:5TTAcEqjlOHxlZ92neINod,"להתראות נעורים שלום אהבה","להתראות נעורים שלום אהבה","משינה",1995-01-01,258920,0,false,0l9aprgeray7lhpnynou763jx,2020-04-29T07:27:03Z,"מזרחית","NMC United Entertainment Ltd.",0.615,0.755,4,-8.794,0,0.0292,0.00924,0.000233,0.272,0.933,124.964,4
spotify:track:7KGIIrDiHu2FrFgAo1cIs8,"שיר הלהקה","אהוד מנור- ימי בנימינה - 62 משיריו היפים","Participants of 'Ha-Lahaka'",2005-07-31,238880,0,false,0l9aprgeray7lhpnynou763jx,2020-04-29T07:27:25Z,"","NMC United Entertainment Ltd.",0.594,0.772,2,-4.428,0,0.0821,0.343,0,0.276,0.787,139.654,4
spotify:track:6Ic86n7fmXM4xltYlHrIgF,"אנטארקטיקה","אנטארקטיקה","קורין אלאל",1989-02-01,243106,0,false,0l9aprgeray7lhpnynou763jx,2020-04-29T07:27:33Z,"","NMC United Entertainment Ltd.",0.662,0.585,2,-11.993,1,0.0326,0.00577,0.0000231,0.107,0.382,120.941,4
spotify:track:3VQz7YGEErqMEemWlsCmwq,"הדרכים הידועות","חתונה לבנה","שלום חנוך",1981-11-01,330413,0,false,0l9aprgeray7lhpnynou763jx,2020-04-29T07:27:43Z,"מזרחית","NMC United Entertainment Ltd.",0.447,0.751,8,-5.065,0,0.0422,0.324,0.0000351,0.174,0.174,124.151,4
spotify:track:30rjDSlFCjbxcnerpE6yhQ,"ידיים למעלה","ידיים למעלה","כנסיית השכל",2004-03-25,215133,0,false,0l9aprgeray7lhpnynou763jx,2020-04-29T07:28:00Z,"מזרחית","NMC United Entertainment Ltd.",0.492,0.425,4,-8.951,0,0.0295,0.489,0.0117,0.111,0.289,116.832,4
spotify:track:4IZvDav7Lm5yif8P5bF3lm,"שלושה ימים","אהבה על תנאי","יהודה פוליקר",2010-01-01,237240,0,false,0l9aprgeray7lhpnynou763jx,2020-04-29T07:28:15Z,"מזרחית","Helicon Music",0.568,0.939,9,-4.409,1,0.0314,0.0699,0.00563,0.14,0.862,130.032,4
spotify:track:5XqREuK0DeF8MIW5oCzVx8,"אדם בתוך עצמו","אדם בתוך עצמו","שלום חנוך",1977-10-01,431933,0,false,0l9aprgeray7lhpnynou763jx,2020-04-29T07:28:23Z,"מזרחית","NMC United Entertainment Ltd.",0.633,0.376,9,-11.434,1,0.0277,0.822,0.0195,0.0814,0.303,88.276,4
spotify:track:6AuhyP1rKXVGvvrqr5UNaK,"חלק מהזמן","חלק מהזמן","עידן עמדי",2017-01-01,223453,0,false,0l9aprgeray7lhpnynou763jx,2020-04-29T07:28:54Z,"מזרחית","NMC United Entertainment Ltd",0.568,0.455,3,-7.611,0,0.0308,0.626,0,0.129,0.641,68.464,3
spotify:track:3WyvZJGxtORVdtOkNyHBJp,"קוצים","פסיפס","אביב גפן;עידן רייכל",2012-01-01,220480,43,false,0l9aprgeray7lhpnynou763jx,2020-04-29T07:29:18Z,"מזרחית","Helicon Music",0.358,0.468,4,-8.039,1,0.0268,0.589,0.0000014,0.0955,0.328,75.053,1
spotify:track:2qw0Iqek2RMDGDipNXAFV0,"אהבה קצרה","וביניהם","מאיר בנאי",1992-03-01,228293,0,false,0l9aprgeray7lhpnynou763jx,2020-04-29T07:29:31Z,"מזרחית","NMC United Entertainment Ltd.",0.708,0.437,6,-14.844,0,0.0278,0.221,0.00000508,0.17,0.813,123.98,4
spotify:track:4QS3Dgcd3dtx9wj7HKOOc7,"נאחז באוויר","אין עוד יום","גידי גוב",1991-09-01,251333,0,false,0l9aprgeray7lhpnynou763jx,2020-04-29T07:29:46Z,"מזרחית","Hed Arzi Ltd.",0.615,0.639,4,-11.022,1,0.0273,0.247,0.00000673,0.101,0.759,118.99,4
spotify:track:5M8IS35ueI53dJOxZaSw2q,"הלא נודע","הלא נודע","דני סנדרסון",1997-09-01,220946,0,false,0l9aprgeray7lhpnynou763jx,2020-04-29T07:29:56Z,"","Hed Arzi Ltd.",0.616,0.778,4,-7.949,0,0.0302,0.363,0.000377,0.308,0.623,132.363,4
spotify:track:37mNVrFxzFp1yge7otHgTs,"בדידותי","חתוך תוכן","טאטו",1988-11-01,274133,0,false,0l9aprgeray7lhpnynou763jx,2020-04-29T07:30:08Z,"מזרחית","NMC United Entertainment Ltd.",0.686,0.677,2,-12.452,1,0.0337,0.287,0.00086,0.714,0.831,127.546,4
spotify:track:2ti4vnFBNMuIFoQLgEUFIc,"לונדון","לונדון","חווה אלברשטיין",1989-08-01,282000,0,false,0l9aprgeray7lhpnynou763jx,2020-04-29T07:30:20Z,"","NMC United Entertainment Ltd.",0.757,0.33,2,-14.224,1,0.0302,0.509,0.00353,0.3,0.398,96.882,4
spotify:track:2JjgteUiEOuzUtCM502zLI,"קפטן ג'ק","גרי אקשטיין","גרי אקשטיין",1979-01-01,197640,0,false,0l9aprgeray7lhpnynou763jx,2020-04-29T07:30:29Z,"","Hed Arzi Ltd.",0.733,0.794,9,-8.24,1,0.0322,0.179,0,0.0625,0.961,130.5,4
spotify:track:0HV4iYmz28nzdPu3RJ2bgV,"אנה אפנה","שמחת הפרטים הקטנים","ארז לב ארי",2007-11-19,227306,0,false,0l9aprgeray7lhpnynou763jx,2020-04-29T07:30:43Z,"מזרחית","NMC United Entertainment Ltd.",0.505,0.787,11,-6.66,0,0.0314,0.00346,0.0234,0.118,0.465,100.007,4
spotify:track:4gA0UaXJu5P1iaTxoGrsHo,"עדיין ריק","לירן דנינו","לירן דנינו",2012-02-05,218653,0,false,0l9aprgeray7lhpnynou763jx,2020-04-29T07:31:31Z,"מזרחית","NMC United Entertainment Ltd",0.431,0.505,10,-6.733,0,0.0295,0.067,0,0.121,0.11,129.022,4
spotify:track:4JWVDtxIcOC5jEPT2DgshB,"זה הכל בשבילך","קופץ לשניה","דני סנדרסון;מזי כהן",1990-12-01,205000,0,false,0l9aprgeray7lhpnynou763jx,2020-04-29T07:31:40Z,"","NMC United Entertainment Ltd.",0.659,0.3,7,-10.946,0,0.0292,0.524,0,0.211,0.214,87.864,4
spotify:track:0ji8zDeUxs4pWL6OD1bB7w,"רבות הדרכים","רבות הדרכים","דניאל סלומון",2005-01-01,270666,0,false,0l9aprgeray7lhpnynou763jx,2020-04-29T07:31:52Z,"מזרחית","Hed Arzi Ltd",0.533,0.276,7,-9.305,0,0.027,0.643,0.00000103,0.108,0.0646,67.043,4
spotify:track:735D3jiPJYGxpusC1q0xlw,"אחרי הכל את שיר","השירים 1","שלמה ארצי",1990-01-01,304400,0,false,0l9aprgeray7lhpnynou763jx,2020-04-29T07:32:09Z,"מזרחית","Hed Arzi Ltd",0.536,0.335,8,-12.395,0,0.0308,0.858,0.0232,0.309,0.331,133.343,4
spotify:track:1QP8gp1xtid9iE9L7SzB8e,"תוכו רצוף אהבה","ישי ריבו - תוכו רצוף אהבה","ישי ריבו",2014-01-01,199880,52,false,0l9aprgeray7lhpnynou763jx,2020-04-29T07:32:40Z,"מזרחית","2014 Yshy Rivo By PIL LTD",0.55,0.464,11,-7.032,0,0.0323,0.565,0,0.221,0.316,71.867,4
spotify:track:7fTC5akX2C3qFGQm4KQwk0,"תתן לי יד","תם ולא נשלם","עילי בוטנר;Yaldei Hachutz",2013-01-01,256666,0,false,0l9aprgeray7lhpnynou763jx,2020-04-29T07:32:56Z,"מזרחית","NMC United Entertainment Ltd.",0.521,0.589,2,-7.039,1,0.0299,0.0251,0.000001,0.41,0.25,117.008,4
spotify:track:1dRfZfNreIGkF97TnQYxxV,"נאמר כבר הכל","החברים של נטאשה","החברים של נטאשה",1989-01-01,141333,0,false,0l9aprgeray7lhpnynou763jx,2020-04-29T07:33:05Z,"מזרחית","Hed Arzi Ltd.",0.609,0.246,9,-16.25,1,0.0288,0.685,0,0.149,0.247,84.986,4
spotify:track:5HAAw6TW8hCuB1hDDoenRC,"היא לא דומה","להרגיש","ארקדי דוכין",2001-01-01,228933,0,false,0l9aprgeray7lhpnynou763jx,2020-04-29T07:33:14Z,"מזרחית","NMC United Entertainment Ltd.",0.333,0.511,9,-7.756,1,0.0296,0.309,0.00000831,0.182,0.404,72.193,4
spotify:track:5dlEgrCOjy9FTcQM1vrrh5,"עד מחר","לילה כיום יאיר","אביתר בנאי",2009-07-09,267466,0,false,0l9aprgeray7lhpnynou763jx,2020-04-29T07:33:28Z,"מזרחית","Hed Arzi Ltd",0.322,0.558,5,-7.165,1,0.0293,0.628,0.0171,0.143,0.286,163.074,3
spotify:track:7C6aBVq54SEWDY76bZGvJ0,"פרפרים","פרפרים","אורי בנאי",2000-01-01,246360,0,false,0l9aprgeray7lhpnynou763jx,2020-04-29T07:33:42Z,"","Hed Arzi Ltd",0.629,0.708,11,-8.235,0,0.0254,0.00174,0.0000249,0.302,0.685,122.062,4
spotify:track:6qtbNQIdvBh2d2fN9ZSlF6,"אהובתי","משינה 3","משינה",1988-07-01,208706,0,false,0l9aprgeray7lhpnynou763jx,2020-04-29T07:33:55Z,"מזרחית","NMC United Entertainment Ltd.",0.594,0.591,5,-11.7,1,0.0264,0.0624,0.0000042,0.227,0.365,137.95,4
spotify:track:4GZ0vY1J5O0mBm9uRAfybZ,"נחמד","סיפורי פוגי","כוורת",1973-11-01,284973,0,false,0l9aprgeray7lhpnynou763jx,2020-04-29T07:34:03Z,"מזרחית","Hed Arzi Ltd",0.443,0.568,5,-10.034,1,0.0386,0.37,0,0.0687,0.5,148.153,4
spotify:track:1ZXt3ONPURfgho0lbNSv60,"האהבה שלי היא לא האהבה שלו","יצחק","יצחק קלפטר",1981-04-01,176746,0,false,0l9aprgeray7lhpnynou763jx,2020-04-29T07:34:09Z,"","NMC United Entertainment Ltd.",0.569,0.915,0,-5.457,1,0.0329,0.0689,0,0.185,0.922,145.803,4
spotify:track:78dgPOTXplwqdjfweKq8TN,"ואת","הראל סקעת","הראל סקעת",2006-03-07,218840,0,false,0l9aprgeray7lhpnynou763jx,2020-04-29T07:34:20Z,"מזרחית","Hed Arzi Ltd",0.427,0.184,6,-12.268,0,0.0388,0.91,0,0.164,0.453,120.828,3
spotify:track:5eqED0ZxF6JCztlHQaE3Mq,"Ego Trip","Dabri","עלמה זהר",2008,242416,0,false,0l9aprgeray7lhpnynou763jx,2020-04-29T07:34:46Z,"","Lev Group Media",0.561,0.874,3,-3.396,1,0.0307,0.00412,0.00000609,0.162,0.686,134.934,4
spotify:track:5UbIj06I8hRm6GNDWBnS78,"חתיכת שמיים","שלומי שבן","שלומי שבן;שלומי שבת",2000-08-30,256026,0,false,0l9aprgeray7lhpnynou763jx,2020-04-29T07:35:00Z,"מזרחית","NMC United Entertainment Ltd.",0.514,0.45,0,-11.691,1,0.0375,0.204,0,0.115,0.351,82.545,4
spotify:track:2v5npkWTopGSuglaSfSiWK,"זמן להתעורר","זמן להתעורר","הדג נחש",2013-03-21,228133,0,false,0l9aprgeray7lhpnynou763jx,2020-04-29T07:35:11Z,"מזרחית","The Eight Note",0.614,0.772,9,-5.043,0,0.0396,0.0468,0,0.147,0.417,134.958,4
spotify:track:1nUW0RpbzB3e8MtxATs3P0,"אולי צריך לתת לזה עוד זמן","שביר","אריק איינשטיין;יצחק קלפטר",1983-08-01,261893,0,false,0l9aprgeray7lhpnynou763jx,2020-04-29T07:35:14Z,"מזרחית","NMC United Entertainment Ltd.",0.627,0.378,8,-13.42,0,0.0269,0.44,0.00000258,0.108,0.324,133.286,4
spotify:track:09yDsl7d8xXZPntarkiVes,"סיגפו","מדפים","בית הבובות",2005,270520,0,false,0l9aprgeray7lhpnynou763jx,2020-04-29T07:35:22Z,"מזרחית","The Eight Note",0.544,0.593,9,-8.937,0,0.0249,0.0163,0.0000483,0.266,0.271,91.802,4
spotify:track:4HbyhPn7Qqk5Ggds3UGDHu,"יחזקאל","החלונות הגבוהים","The High Windows",1967-04-01,196413,0,false,0l9aprgeray7lhpnynou763jx,2020-04-29T07:35:34Z,"","Hed Arzi Ltd",0.533,0.722,8,-6.155,1,0.03,0.221,0,0.0409,0.96,142.888,4
spotify:track:3KVAcPTNLAMbe8UvE34YC8,"פנים ושמות","פנים ושמות","דני רובס",1987-01-01,280800,0,false,0l9aprgeray7lhpnynou763jx,2020-04-29T07:35:41Z,"","Hed Arzi Ltd.",0.255,0.142,4,-20.165,0,0.0489,0.257,0.0000386,0.406,0.395,171.246,4
spotify:track:61Gcu3AHtFa65UX0W2u3jK,"אם את עדיין אוהבת אותי","המיטב","בעז שרעבי",1993-08-01,245920,0,false,0l9aprgeray7lhpnynou763jx,2020-04-29T07:35:48Z,"מזרחית","NMC United Entertainment Ltd.",0.3,0.465,11,-5.808,0,0.0318,0.699,0,0.12,0.192,75.464,5
spotify:track:45548askYPo1HOWVCnrD6o,"אימפריות נופלות לאט","יורד נמוך","דן תורן",1996-01-01,276160,0,false,0l9aprgeray7lhpnynou763jx,2020-04-29T07:36:02Z,"","Hed Arzi Ltd.",0.425,0.266,7,-12.131,1,0.0319,0.166,0.000532,0.11,0.287,129.895,4
spotify:track:1ZHhDq9e3qMpRamfZqa2vh,"העץ הוא גבוה","אחרית הימים","אחרית הימים",1972-01-01,207000,0,false,0l9aprgeray7lhpnynou763jx,2020-04-29T07:36:16Z,"","NMC United Entertainment Ltd.",0.747,0.332,0,-15.849,1,0.0338,0.381,0.000788,0.186,0.763,112.608,4
spotify:track:4QJaD5yF93TODaEfVinW5X,"כלים שלובים","40 06","גידי גוב",1983-05-01,230693,0,false,0l9aprgeray7lhpnynou763jx,2020-04-29T07:36:24Z,"מזרחית","Hed Arzi Ltd.",0.589,0.163,10,-17.686,1,0.0285,0.146,0.00000186,0.0956,0.293,129.362,4
spotify:track:617PmmsrRatBBPRfWJI7lM,"אני ואתה","בדשא אצל אביגדור","אריק איינשטיין;מיקי גבריאלוב",1971,210365,46,false,0l9aprgeray7lhpnynou763jx,2020-04-29T07:36:41Z,"מזרחית","Unicell",0.513,0.73,2,-6.304,1,0.0256,0.29,0.000738,0.124,0.57,134.486,4
spotify:track:6z6qswe3H3s5OCzzP02AVB,"לב חופשי","לב חופשי","מוקי",2014-02-07,223164,47,false,0l9aprgeray7lhpnynou763jx,2020-04-29T07:37:00Z,"מזרחית","Helicon Music",0.499,0.599,10,-6.921,0,0.0259,0.0241,0,0.142,0.367,76.073,4
spotify:track:3kDaWQ4tKNy2gwg1igg3Ou,"אדון עולם","השירים היפים","עוזי חיטמן;עודד בן חור",2019-09-01,247626,23,false,0l9aprgeray7lhpnynou763jx,2020-04-29T07:37:08Z,"","Unicell",0.326,0.635,4,-8.417,0,0.0521,0.812,0.00000173,0.107,0.515,85.233,4
spotify:track:2r5y9FKIEQjVet1ABwjFIo,"חלומות אחרים","הופעה חיה","מאיר בנאי",1988-10-01,290000,0,false,0l9aprgeray7lhpnynou763jx,2020-04-29T07:37:19Z,"מזרחית","NMC United Entertainment Ltd.",0.634,0.662,9,-12.201,0,0.0322,0.258,0.0001,0.0844,0.691,134.925,4
spotify:track:4jurtysyzLBMr64w1uYIau,"קחי לך זמן","יציאת חירום","יציאת חירום",1998-01-01,201706,51,false,0l9aprgeray7lhpnynou763jx,2020-04-29T07:37:35Z,"","2014 Way Not Productions By PIL LTD",0.714,0.226,10,-11.077,1,0.0368,0.703,0,0.1,0.32,136.056,4
spotify:track:7DVeGXfza7Wdv7I4JNsuBK,"סליחות","יהודית רביץ","יהודית רביץ",1979-09-01,225000,0,false,0l9aprgeray7lhpnynou763jx,2020-04-29T07:37:49Z,"מזרחית","NMC United Entertainment Ltd.",0.373,0.174,9,-14.733,0,0.0302,0.868,0,0.195,0.514,99.799,3
spotify:track:1j5u9yFcJcxZVI8STDdH8t,"כשאלוהים אמר בפעם הראשונה","מתי כספי (1974)","מתי כספי",1974-07-01,259973,0,false,0l9aprgeray7lhpnynou763jx,2020-04-29T07:38:03Z,"","NMC United Entertainment Ltd.",0.634,0.855,11,-6.822,0,0.0323,0.456,0,0.141,0.714,120.233,4
spotify:track:3sUnbpyTPZcHYOjyv9IobO,"אני שוב מתאהב","אין עוד יום","גידי גוב",1991-09-01,325000,0,false,0l9aprgeray7lhpnynou763jx,2020-04-29T07:38:13Z,"מזרחית","Hed Arzi Ltd.",0.593,0.607,7,-10.334,1,0.0288,0.115,0.00134,0.109,0.606,132.908,4
spotify:track:6CzBF3syFhMLyowgAKQnzh,"מה אעשה","שמחת הפרטים הקטנים","ארז לב ארי",2007-11-19,216720,0,false,0l9aprgeray7lhpnynou763jx,2020-04-29T07:38:25Z,"מזרחית","NMC United Entertainment Ltd.",0.623,0.301,5,-12.034,1,0.0288,0.878,0.000175,0.0952,0.183,123.883,4
spotify:track:2KWwL6Z8VOrK6PTY1B2si9,"ויקיפדיה","לא לבד","חנן בן ארי",2018-05-17,213306,0,false,0l9aprgeray7lhpnynou763jx,2020-04-29T07:38:34Z,"מזרחית","Mobile1 Music",0.62,0.597,0,-5.835,1,0.0402,0.372,0,0.114,0.43,123.955,4
spotify:track:17Pzko9i7abF9jSal7hyhM,"שני סיפורי אהבה קטנים","שינויים בהרגלי הצריחה","החברים של נטאשה",1991-11-27,173000,38,false,0l9aprgeray7lhpnynou763jx,2020-04-29T07:38:45Z,"מזרחית","NaNa Disc",0.28,0.382,7,-12.77,1,0.0376,0.0375,0.00000122,0.0881,0.131,141.909,4
spotify:track:4DEqXFBuMKWRSHCKaxgAv7,"עכשיו טוב","עכשיו טוב","גלעד שגב",2004-10-15,243304,45,false,0l9aprgeray7lhpnynou763jx,2020-04-29T07:39:09Z,"","Mobile1 Music",0.553,0.542,2,-6.929,1,0.0276,0.311,0.0000139,0.105,0.313,134.117,4
spotify:track:5LZgL8lsrTxOZ8E277hRuG,"קרן שמש מאוחרת","מחכים למשיח","שלום חנוך",1985-03-01,340946,0,false,0l9aprgeray7lhpnynou763jx,2020-04-29T07:39:18Z,"מזרחית","NMC United Entertainment Ltd.",0.504,0.322,6,-12.077,0,0.0279,0.587,0.0000014,0.136,0.0572,113.495,4
spotify:track:1Sv5MCb7LOvaYtwsueA93q,"אמא (אילו יכולתי)","המיטב","ריקי גל",2002-08-18,304800,0,false,0l9aprgeray7lhpnynou763jx,2020-04-29T07:39:48Z,"","NMC United Entertainment Ltd.",0.557,0.483,9,-8.632,1,0.028,0.45,0.0000016,0.11,0.102,103.118,4
spotify:track:1d6Hbt7Nh77HY36BwdvSlU,"עוד לילה","לוי","הדורבנים",2006-01-01,222586,39,false,0l9aprgeray7lhpnynou763jx,2020-04-29T07:39:59Z,"","Helicon Music",0.625,0.781,9,-5.118,0,0.0401,0.145,0.00000527,0.109,0.621,128.03,4
spotify:track:0wf9h1pEXyyDZ2scl65D5t,"תלווי אותי","לעבור את הגבול","הכל עובר חביבי",1983-01-01,236100,0,false,0l9aprgeray7lhpnynou763jx,2020-04-29T07:40:30Z,"","Hed Arzi Ltd.",0.512,0.37,9,-15.629,0,0.0313,0.592,0.00000241,0.0573,0.432,80.892,4
spotify:track:2XMIE90EZ5VQnL6IOi9rUL,"שבתות וחגים","מיטב השירים","יהודית רביץ",1994-08-01,317133,0,false,0l9aprgeray7lhpnynou763jx,2020-04-29T07:40:41Z,"מזרחית","NMC United Entertainment Ltd.",0.549,0.346,2,-15.646,1,0.032,0.347,0,0.356,0.453,109.591,4
spotify:track:3rKq9QQzb28Klhwh1LK9nn,"אור גדול","אמיר דדון","אמיר דדון",2010-01-01,228160,49,false,0l9aprgeray7lhpnynou763jx,2020-04-29T07:40:54Z,"מזרחית","Helicon Music",0.468,0.69,3,-4.298,1,0.0326,0.281,0,0.136,0.317,128.026,4
spotify:track:7MAzRpjDMz2lXud79eIBpD,"קצת אהבה לא תזיק","סיכום החיים עד עכשיו","אלון עדר",2014-09-09,267173,48,false,0l9aprgeray7lhpnynou763jx,2020-04-29T07:41:16Z,"","Helicon Music",0.275,0.376,2,-5.798,1,0.029,0.35,0.00000616,0.114,0.325,137.545,4
spotify:track:18SaVTCmwAaLgN29H4Mrwp,"שיר בין ערביים","קצת אחרת","שלמה גרוניך;שלמה יידוב;אנסמבל שם-טוב לוי",1994-01-01,273306,39,false,0l9aprgeray7lhpnynou763jx,2020-04-29T07:41:24Z,"","Helicon Music",0.525,0.298,2,-12.438,1,0.033,0.714,0.000287,0.111,0.106,119.827,4
spotify:track:3E6rBGFnJoJsvL3Mq6eWYu,"עד סוף הקיץ","יש לי אהבה","אלי מגן",2007-01-01,137853,0,false,0l9aprgeray7lhpnynou763jx,2020-04-29T07:41:41Z,"","NMC United Entertainment Ltd.",0.271,0.335,9,-10.333,0,0.0311,0.929,0.0277,0.11,0.215,68.756,4
spotify:track:70SL0xuPjesjcMh9CDXPBr,"מודדת","ירמי קפלן והפרחים","ירמי קפלן",1994-04-02,234186,0,false,0l9aprgeray7lhpnynou763jx,2020-04-29T07:42:07Z,"","NMC United Entertainment Ltd.",0.261,0.594,7,-10.528,1,0.0355,0.00266,0.000138,0.454,0.333,114.045,4
spotify:track:550aBQu2vpCMY94pTbNlQB,"בוא הביתה","בוא הביתה - מיטב השירים של שולה חן","שולה חן",2002-11-13,160200,0,false,0l9aprgeray7lhpnynou763jx,2020-04-29T07:42:25Z,"מזרחית","NMC United Entertainment Ltd.",0.514,0.445,5,-10.655,0,0.0292,0.313,0.0000191,0.0924,0.523,109.648,4
spotify:track:5ZXYVDi91gbSEaNG15tn7Z,"ימי בנימינה","כמו צמח בר","חווה אלברשטיין",1975-01-01,208893,0,false,0l9aprgeray7lhpnynou763jx,2020-04-29T07:42:37Z,"","NMC United Entertainment Ltd.",0.46,0.304,0,-12.27,1,0.0294,0.637,0,0.111,0.257,132.017,4
spotify:track:40jo0PwTjTOJHGHpZUNKvc,"לעיתים","רעש רק רעש. ק.","רעש",1994-01-01,234893,28,false,0l9aprgeray7lhpnynou763jx,2020-04-29T07:42:53Z,"","NaNa Disc",0.276,0.308,4,-15.516,0,0.0332,0.0279,0.0303,0.0638,0.167,66.625,5
spotify:track:2kwDpzImeK3RAnwKMJ7Kue,"הכי יפה בעולם","טוב לנו יחד","מאור כהן",1999-03-01,381066,46,false,0l9aprgeray7lhpnynou763jx,2020-04-29T07:42:59Z,"","NaNa Disc",0.538,0.452,0,-8.783,1,0.024,0.131,0.679,0.318,0.441,136.277,4
spotify:track:7bPEdFoQfCfUWKCypYxADG,"אהוב יקר","שלום לתמימות","רונית שחר",1996-01-01,203066,0,false,0l9aprgeray7lhpnynou763jx,2020-04-29T07:43:08Z,"","Hed Arzi Ltd.",0.357,0.314,11,-11.721,1,0.034,0.881,0.00168,0.0941,0.288,187.563,3
spotify:track:6QVd8VXWw9rELXrkdGquso,"חתונה לבנה","הדרכים הידועות - אלבום מחווה לחתונה לבנה","אביתר בנאי",2008-04-03,245106,0,false,0l9aprgeray7lhpnynou763jx,2020-04-29T07:43:17Z,"מזרחית","Hed Arzi Ltd",0.328,0.695,2,-5.122,0,0.0276,0.225,0.00385,0.0908,0.229,119.261,4
spotify:track:4jxBur1TaDlto6AgVJ0Xym,"בדרך הביתה","השמחות","השמחות",1998-01-01,290346,0,false,0l9aprgeray7lhpnynou763jx,2020-04-29T07:43:31Z,"מזרחית","Hed Arzi Ltd.",0.376,0.383,10,-8.924,0,0.0319,0.496,0.00105,0.117,0.374,185.352,3
spotify:track:7MFJxxWgCJBqwaHvs56a2f,"אהבה","רבות הדרכים","דניאל סלומון",2005-01-01,266720,0,false,0l9aprgeray7lhpnynou763jx,2020-04-29T07:43:40Z,"מזרחית","Hed Arzi Ltd",0.407,0.536,2,-6.095,1,0.0269,0.0602,0.00000293,0.36,0.159,128.062,3
spotify:track:1qNKU9Db2AvHgag8Okgj5d,"בלדה לשוטר","שירים מובחרים","אושיק לוי",2008-03-03,214146,0,false,0l9aprgeray7lhpnynou763jx,2020-04-29T07:44:10Z,"","Helicon Music",0.419,0.384,11,-10.354,0,0.0262,0.233,0,0.0738,0.435,84.949,3
spotify:track:32g828mciuNLn0LDe90r3p,"בעינייך","בואי נגיד שאני שלך","אלון אולארצ'יק",1996-02-01,281426,0,false,0l9aprgeray7lhpnynou763jx,2020-04-29T07:44:55Z,"מזרחית","NMC United Entertainment Ltd.",0.486,0.441,2,-12.008,1,0.0335,0.443,0.0000289,0.122,0.311,69.285,4
spotify:track:7d8avMtsDuLVgrIoea2a0E,"רק בשביל לקבל חיבוק","איפה הילד","איפה הילד",1996-01-01,199653,38,false,0l9aprgeray7lhpnynou763jx,2020-04-29T07:45:05Z,"","Anana",0.499,0.578,7,-8.262,1,0.0241,0.0569,0.0116,0.225,0.413,78.101,4
spotify:track:5NJA3FtBrtcEwkQIN3uxpt,"צליל מיתר","צליל מיתר","אייל גולן",2001-03-22,260560,0,false,0l9aprgeray7lhpnynou763jx,2020-04-29T07:45:17Z,"מזרחית","NMC United Entertainment LTD.",0.602,0.371,2,-7.343,0,0.0286,0.715,0,0.123,0.16,129.955,4
spotify:track:2FeGZ1WHtSMcyhWK6bzpYD,"דנה ראתה עבמ","דנה ראתה עב״מ","פונץ׳",2002-03-14,329000,7,false,0l9aprgeray7lhpnynou763jx,2020-04-29T07:45:44Z,"","Kame'a",0.525,0.361,4,-12.025,0,0.0259,0.855,0.296,0.0879,0.163,80.066,4
spotify:track:0VAT7VYjQId5cDLitXlAur,"אהבה ממבט ראשון","לאן פרחו הפרפרים","אריק איינשטיין;אנסמבל שם-טוב לוי",1997-07-01,200826,0,false,0l9aprgeray7lhpnynou763jx,2020-04-29T07:46:25Z,"מזרחית","NMC United Entertainment Ltd.",0.589,0.447,7,-9.538,1,0.0316,0.901,0.0000212,0.123,0.153,103.586,3
spotify:track:73p7hWDxEwq86Oo45kdMww,"קפה אצל ברטה","הנשמות הטהורות","הנשמות הטהורות",1974-01-01,213600,0,false,0l9aprgeray7lhpnynou763jx,2020-04-29T07:46:52Z,"","Hed Arzi Ltd.",0.46,0.882,4,-8.693,0,0.0815,0.101,0,0.113,0.742,77.511,4
spotify:track:5YmPrRqqkONXGRrCZ8tvqg,"ציפור קטנה בלב","אוספים אותי 70-92","יגאל בשן",1992-01-01,214066,0,false,0l9aprgeray7lhpnynou763jx,2020-04-29T07:47:00Z,"מזרחית","Hed Arzi Ltd",0.509,0.627,6,-7.498,0,0.0395,0.565,0,0.136,0.657,132.993,4
spotify:track:3k5WHXREKLyYNLQmKJTB2b,"ציפי פרימו","גזוז - 20 הלהיטים","גזוז",2002-01-01,170840,0,false,0l9aprgeray7lhpnynou763jx,2020-04-29T07:47:06Z,"","Hed Arzi Ltd.",0.792,0.451,8,-6.647,1,0.0476,0.784,0.00000406,0.0851,0.61,122.974,4
spotify:track:1wKGcCEhSFSe2CY9nfQlBR,"לא יפריד דבר","לא יפריד דבר","דני סנדרסון",2009-11-22,163146,0,false,0l9aprgeray7lhpnynou763jx,2020-04-29T07:47:19Z,"","NMC United Entertainment Ltd.",0.37,0.312,11,-9.669,1,0.0331,0.888,0.0000132,0.123,0.443,203.24,4
spotify:track:23q4YnQHE6TY2r7tQzZ9xl,"משבר אמון","יחס חם (Reissue)","דני ליטני",1978-03-01,225866,0,false,0l9aprgeray7lhpnynou763jx,2020-04-29T07:47:24Z,"","NMC United Entertainment Ltd.",0.485,0.652,7,-8.903,1,0.0655,0.757,0,0.131,0.406,77.95,4
spotify:track:5FKoZ8p4FMcjF9iRtYCB0p,"אני בא הביתה מהלילה","מסגרות","דני רובס",1983-01-01,287000,0,false,0l9aprgeray7lhpnynou763jx,2020-04-29T07:47:33Z,"","Hed Arzi Ltd.",0.498,0.326,11,-15.891,0,0.0498,0.263,0,0.141,0.499,79.964,4
spotify:track:3ZSHiPclgoLmk1bYY31lG1,"ילדי הירח","צליל מכוון","צליל מכוון",1979-01-01,231466,0,false,0l9aprgeray7lhpnynou763jx,2020-04-29T07:47:44Z,"","Hed Artz Ltd.",0.736,0.39,4,-12.784,1,0.0327,0.161,0,0.065,0.782,95.272,4
spotify:track:2gDG9qCRrXXbf5AfjdX5Zh,"צליל מכוון","צליל מכוון","צליל מכוון",1979-01-01,254000,0,false,0l9aprgeray7lhpnynou763jx,2020-04-29T07:47:58Z,"","Hed Artz Ltd.",0.635,0.222,9,-17.935,0,0.0296,0.713,0,0.0815,0.401,130.515,4
spotify:track:0xaL4nzUQ9FbNWemstRNIa,"חור בלבנה","האיש שראה הכל","רוקפור",1995-03-01,389933,0,false,0l9aprgeray7lhpnynou763jx,2020-04-29T07:48:12Z,"","Hed Arzi Ltd.",0.243,0.817,9,-9.081,0,0.0323,0.0221,0.786,0.313,0.398,144.091,4
spotify:track:13ICIhRLAAuhc5uUk7qses,"קח אותי","מציאות נפרדת","היהודים",1995-01-08,327266,0,false,0l9aprgeray7lhpnynou763jx,2020-04-29T07:48:42Z,"","Hed Arzi Ltd",0.472,0.484,4,-8.058,0,0.0287,0.311,0,0.124,0.137,120.786,4
spotify:track:1SUUUKSSpalSYAjriz58LD,"התחנה הישנה","החיים שלך בלאפה","טיפקס",1995-01-01,300626,39,false,0l9aprgeray7lhpnynou763jx,2020-04-29T07:48:58Z,"מזרחית","Anana",0.613,0.669,7,-8.329,0,0.0307,0.0858,0,0.353,0.33,127.774,4
spotify:track:7z6Qx2fc07p2nlkW37mdCh,"משהו אחר (הולך לקרות הלילה)","משהו אחר","רן דנקר",2018-11-07,172478,0,false,0l9aprgeray7lhpnynou763jx,2020-04-29T07:49:32Z,"מזרחית","NMC United Entertainment Ltd",0.536,0.679,1,-6.34,1,0.0528,0.0157,0.00000163,0.41,0.338,130.028,4
spotify:track:5bop3LIrWoVqyah3XyD7Mb,"סוף העולם","ירח מלא - האוסף","אביב גפן;ברי סחרוף",1997-04-01,313093,0,false,0l9aprgeray7lhpnynou763jx,2020-04-29T07:49:43Z,"מזרחית","NMC United Entertainment Ltd.",0.367,0.51,2,-9.741,0,0.0265,0.669,0.113,0.289,0.277,165.087,3
spotify:track:0QzA8KYIH6rQHXsNhxfzZf,"מהמרחקים","בין האש ובין המים","גלי עטרי;סגיב כהן",2008-09-07,289040,0,false,0l9aprgeray7lhpnynou763jx,2020-04-29T07:49:55Z,"מזרחית","NMC United Entertainment Ltd.",0.567,0.497,11,-7.286,1,0.0236,0.589,0,0.279,0.17,93.95,4
spotify:track:4amUTClCJ1A1b41cNb7pGB,"מוכן לאהבה","עיר (Deluxe Edition)","שלומי שבן",2007-07-05,173893,0,false,0l9aprgeray7lhpnynou763jx,2020-04-29T07:50:18Z,"מזרחית","NMC United Entertainment Ltd.",0.498,0.278,6,-9.965,1,0.0303,0.924,0.0000297,0.484,0.194,121.289,4
spotify:track:1r4D2L2VxgmpyQPDyC4iC1,"תחרות כלבים","עומד על נייר","אביתר בנאי",2005-01-03,277866,0,false,0l9aprgeray7lhpnynou763jx,2020-04-29T07:50:29Z,"מזרחית","Hed Arzi Ltd",0.646,0.702,6,-5.26,0,0.0248,0.156,0.0000742,0.149,0.668,112.02,4
spotify:track:33vZjjOsRDx8IUU9vScaQZ,"ארץ חדשה","חום יולי אוגוסט","שלמה ארצי",1988-11-01,364866,0,false,0l9aprgeray7lhpnynou763jx,2020-04-29T07:50:36Z,"מזרחית","Hed Arzi Ltd",0.671,0.489,7,-15.035,1,0.0361,0.35,0,0.123,0.375,125.692,4
spotify:track:3P3t4tgQYyzuBlHCmZYHtS,"אריק","שלומי שבן","שלומי שבן",2000-08-30,257853,0,false,0l9aprgeray7lhpnynou763jx,2020-04-29T07:50:52Z,"מזרחית","NMC United Entertainment Ltd.",0.571,0.667,8,-7.301,1,0.0303,0.153,0.0000155,0.0808,0.363,113.958,4
spotify:track:6oE5eaL3AQ8q8vJJ0vBlJo,"יום חדש נפלא","הראשון","אריק ברמן",2006-01-01,304320,0,false,0l9aprgeray7lhpnynou763jx,2020-04-29T07:51:03Z,"","NMC United Entertainment Ltd.",0.525,0.51,5,-7.189,0,0.0309,0.652,0,0.147,0.259,121.564,4
spotify:track:5sIRYHwGdZJtsgtbZEDBvL,"כשאור דולק בחלונך","ארבע עשרה אוקטבות","יוני רכטר;אבנר קנר",1994-01-01,217600,12,false,0l9aprgeray7lhpnynou763jx,2020-04-29T07:51:26Z,"מזרחית","Helicon Music",0.474,0.581,0,-10.898,1,0.032,0.686,0.00000263,0.095,0.557,103.201,4
spotify:track:4aU6Z6hEkVW4xNKvZdayXy,"גם כשעיניי פקוחות","גם כשעיניי פקוחות","גבריאל בלחסן",2016-04-20,297106,0,false,0l9aprgeray7lhpnynou763jx,2020-04-29T07:51:48Z,"","The Eight Note",0.417,0.26,0,-10.537,1,0.0322,0.915,0.000152,0.111,0.0983,132.298,3
spotify:track:2AEw74BVvI8cKfFlh8KCW4,"מרי לו","מוסיקה","צביקה פיק",1978-12-01,355640,0,false,0l9aprgeray7lhpnynou763jx,2020-04-29T07:52:03Z,"מזרחית","NMC United Entertainment Ltd.",0.417,0.715,9,-10.558,0,0.0531,0.0522,0.00103,0.177,0.232,154.57,4
spotify:track:7cdLS3JVUoT6id2ou3qs0M,"שוב היא כאן","התכוונות","יוני רכטר",1979-01-01,184000,0,false,0l9aprgeray7lhpnynou763jx,2020-04-29T07:52:22Z,"","Hed Arzi Ltd.",0.601,0.257,7,-14.934,1,0.0593,0.928,0.0568,0.138,0.251,79.465,4
spotify:track:4KWQPZJKeyfAw90uTnbzPd,"איך שיר נולד","הכבש השישה עשר","יהונתן גפן;יוני רכטר;גידי גוב;יהודית רביץ;דויד ברוזה",1978-11-01,150626,0,false,0l9aprgeray7lhpnynou763jx,2020-04-29T07:52:49Z,"מזרחית,Anti-folk","NMC United Entertainment Ltd.",0.725,0.325,7,-16.342,1,0.178,0.743,0,0.0577,0.509,116.615,4
spotify:track:2lzPWZogVcYVYMVAYwG6YM,"לילה","ציירי לך שפם","נוער שוליים",1990-01-01,247000,0,false,0l9aprgeray7lhpnynou763jx,2020-04-29T07:53:20Z,"","Hed Arzi Ltd.",0.628,0.517,2,-12.775,1,0.0419,0.616,0,0.0353,0.585,120.035,4
spotify:track:1VoJNkpJBVeUVz6whfVRvj,"עטור מצחך","משירי אברהם חלפי","אריק איינשטיין;יוני רכטר;יהודית רביץ;קורין אלאל",1988-08-01,246000,0,false,0l9aprgeray7lhpnynou763jx,2020-04-29T07:53:30Z,"מזרחית","NMC United Entertainment Ltd.",0.504,0.18,2,-17.532,0,0.0308,0.953,0.0000434,0.129,0.402,104.665,4
spotify:track:0QjCcDp39DCjKSmOBabaCd,"עכשיו הכל בסדר","גלוי ונעלם","יהודית רביץ",1980-11-01,281000,0,false,0l9aprgeray7lhpnynou763jx,2020-04-29T07:53:40Z,"מזרחית","NMC United Entertainment Ltd.",0.604,0.54,9,-14.006,0,0.0359,0.171,0.0588,0.0602,0.864,114.143,4
spotify:track:4g7qsUmZs8Yr67a0SdrkVR,"קח לך אישה ובנה לה בית","שבלול","אריק איינשטיין;שלום חנוך",1970,238968,39,false,0l9aprgeray7lhpnynou763jx,2020-04-29T07:53:54Z,"מזרחית","Unicell",0.551,0.695,7,-9.058,1,0.04,0.00247,0.00000546,0.0859,0.221,135.955,4
spotify:track:3RY8eLO0P0eiQawOR7iGVH,"ירח","ירח","שלמה ארצי",1992-03-01,287693,0,false,0l9aprgeray7lhpnynou763jx,2020-04-29T07:55:42Z,"מזרחית","Hed Arzi Ltd",0.541,0.156,5,-18.304,0,0.034,0.702,0,0.114,0.299,131.974,4
spotify:track:1WWEQHnT0iuQGQrbqsFddk,"Lo Yachol Lehorid Mimench Et HaEynaim (Can't Take My Eyes Off Of You)","Bernard & Louise","מאיר אריאל",1997-01-01,240466,45,false,0l9aprgeray7lhpnynou763jx,2020-04-29T07:55:52Z,"","Anana",0.521,0.41,8,-10.501,1,0.0295,0.831,0.000159,0.119,0.265,140.671,4
spotify:track:1NYy23R9vZM46Iu74uGf16,"מדוע הילד צחק בחלום","מזל גדי","אריק איינשטיין",1968-08-01,253000,0,false,0l9aprgeray7lhpnynou763jx,2020-04-29T07:56:10Z,"מזרחית","NMC United Entertainment Ltd.",0.409,0.231,1,-15.002,1,0.0353,0.451,0.0000102,0.084,0.125,116.036,4
spotify:track:7mK6XZSV3m2A2iGnKHwApA,"את שומעת","להקת חופים","מאיר בנאי",1985-01-01,231440,0,false,0l9aprgeray7lhpnynou763jx,2020-04-29T07:56:51Z,"מזרחית","NMC United Entertainment Ltd.",0.345,0.236,9,-11.44,0,0.0427,0.908,0.000244,0.0789,0.178,73.568,4
spotify:track:7x7kXFYUkWyVLbCI5k8hZP,"בואי נגיד (משחק מונפול)","בואי נגיד שאני שלך","אלון אולארצ'יק",1996-02-01,204266,0,false,0l9aprgeray7lhpnynou763jx,2020-04-29T07:57:02Z,"מזרחית","NMC United Entertainment Ltd.",0.613,0.346,0,-10.03,1,0.0266,0.512,0.00106,0.311,0.162,77.941,4
spotify:track:3K7A5sUvA9G1dVEvlxwDIa,"הלילה","הלילה","ארז הלוי",1984-03-01,310000,0,false,0l9aprgeray7lhpnynou763jx,2020-04-29T07:57:20Z,"","NMC United Entertainment Ltd.",0.691,0.113,2,-19.751,1,0.0344,0.113,0.0962,0.111,0.175,79.979,3
spotify:track:4GeleVlBxA8jYIyTFvp64u,"צרות טובות","השלושרים","השלושרים",1969-08-01,173560,0,false,0l9aprgeray7lhpnynou763jx,2020-04-29T07:57:31Z,"","Hed Arzi Ltd.",0.513,0.616,2,-5.311,1,0.0279,0.701,0,0.185,0.57,106.795,4
spotify:track:4y3HNabgDrAtEpaa4CErnY,"לא יכולתי לעשות כלום","בציר טוב","אילן וירצברג;Shimon Gelbetz",1982-01-01,341000,0,false,0l9aprgeray7lhpnynou763jx,2020-04-29T07:57:43Z,"","NMC United Entertainment Ltd.",0.381,0.607,0,-8.95,1,0.0334,0.14,0.00000228,0.0828,0.445,129.823,4
spotify:track:29rowdTtllfsHhOHMSfVRg,"ברית עולם","מתי כספי (1976)","מתי כספי",1976-10-01,283480,0,false,0l9aprgeray7lhpnynou763jx,2020-04-29T07:57:52Z,"","NMC United Entertainment Ltd.",0.415,0.23,10,-12.389,0,0.0315,0.757,0.0000296,0.368,0.113,68.161,4
spotify:track:0yu2CNsPpKm2KAP3Rxx7L6,"פתאום כשלא באת","דרכים","שלמה ארצי;גרי אקשטיין",1979-09-01,262773,0,false,0l9aprgeray7lhpnynou763jx,2020-04-29T07:58:33Z,"מזרחית","Hed Arzi Ltd",0.552,0.636,3,-8.602,1,0.0305,0.65,0,0.291,0.539,134.842,4
spotify:track:5DhQjSVqFH4zaZl3gjOKa5,"רוח סתיו","גרי אקשטיין","גרי אקשטיין",1979-01-01,210693,0,false,0l9aprgeray7lhpnynou763jx,2020-04-29T07:58:40Z,"","Hed Arzi Ltd.",0.338,0.447,1,-10.419,1,0.0354,0.562,0.00000588,0.155,0.226,66.625,4
spotify:track:1DPM79i5IGe7dxImolNby4,"היא לא יודעת מה עובר עליי","שניים","שלמה ארצי",1996-02-25,303760,0,false,0l9aprgeray7lhpnynou763jx,2020-04-29T07:59:02Z,"מזרחית","Hed Arzi Ltd",0.702,0.596,4,-8.403,0,0.0279,0.716,0,0.105,0.758,131.996,4
spotify:track:4vOGYiYo081DQNC1pnBAfb,"היא לא תדע","גזוז - 20 הלהיטים","גזוז",2002-01-01,242120,0,false,0l9aprgeray7lhpnynou763jx,2020-04-29T07:59:10Z,"","Hed Arzi Ltd.",0.732,0.401,9,-7.21,0,0.0388,0.461,0.00000251,0.129,0.829,118.758,4
spotify:track:2hCfNkpcgrlBzb7h9PmvTQ,"ציור","מאחורי הצלילים","מתי כספי;שלמה גרוניך",1973-01-01,240933,0,false,0l9aprgeray7lhpnynou763jx,2020-04-29T07:59:16Z,"","Hed Arzi Ltd",0.546,0.473,7,-8.787,0,0.0526,0.939,0.00207,0.69,0.153,126.456,4
spotify:track:66BC9xMPOt1ciQYu7HwKne,"יושב על הגדר","יושב על הגדר","אריק איינשטיין;יצחק קלפטר",1982-08-01,232300,0,false,0l9aprgeray7lhpnynou763jx,2020-04-29T07:59:20Z,"מזרחית","NMC United Entertainment Ltd.",0.653,0.377,5,-16.336,1,0.0304,0.0884,0.00132,0.101,0.424,149.948,4
spotify:track:6DmmH8JIYRW5yvEB5BDmmd,"מעליות","לולה","דודו טסה;רוני אלטר",2006-07-05,182480,0,false,0l9aprgeray7lhpnynou763jx,2020-04-29T07:59:29Z,"מזרחית","Hed Arzi Ltd.",0.607,0.333,7,-8.303,0,0.0307,0.721,0,0.0895,0.416,143.304,4
spotify:track:3hajYbSzIWqWxLVUgWCX7S,"מבלי להפריע","יושב על הגדר","אריק איינשטיין;יצחק קלפטר",1982-08-01,269000,0,false,0l9aprgeray7lhpnynou763jx,2020-04-29T07:59:33Z,"מזרחית","NMC United Entertainment Ltd.",0.671,0.366,9,-15.029,0,0.0297,0.00171,0.00787,0.075,0.185,122.649,4
spotify:track:6lBqp0KX8GEh8EdEMO60Cj,"למרות הכל","סיפורי פוגי","כוורת",1973-11-01,423000,0,false,0l9aprgeray7lhpnynou763jx,2020-04-29T07:59:58Z,"מזרחית","Hed Arzi Ltd",0.407,0.67,10,-11.722,1,0.0361,0.23,0.0167,0.134,0.558,91.851,4
spotify:track:2wuZD84gnqYU9rU3Xkyrya,"אל תדליקו לי נר","עולם צפוף","הקליק",1983-06-01,260173,0,false,0l9aprgeray7lhpnynou763jx,2020-04-29T08:00:21Z,"מזרחית","NMC United Entertainment Ltd.",0.527,0.536,4,-13.357,0,0.0582,0.00138,0.181,0.102,0.384,117.177,4
spotify:track:7mQCzUfyygqG657vju50qF,"אהבה שקטה","סוף עונת התפוזים (מהדורת סימני דרך)","תמוז",1976-01-01,394320,0,false,0l9aprgeray7lhpnynou763jx,2020-04-29T08:00:33Z,"","NMC United Entertainment Ltd.",0.439,0.863,2,-5.652,1,0.1,0.00202,0.123,0.0882,0.658,127.193,4
spotify:track:6wUq2YM9Bb2pQKm4bC3UC7,"תמונה אימפרסיוניסטית","פרח שחור","כרמלה גרוס ואגנר;ערן צור",1991-08-02,196000,36,false,0l9aprgeray7lhpnynou763jx,2020-04-29T08:00:51Z,"מזרחית","NaNa Disc",0.735,0.385,2,-15.624,1,0.0356,0.367,0.561,0.0659,0.533,126.023,4
spotify:track:1uMhxFeUTll1Faa9bkyVzv,"גשם","עשרים וארבע שעות","בנזין",1982-07-01,373080,0,false,0l9aprgeray7lhpnynou763jx,2020-04-29T08:01:01Z,"מזרחית","NMC United Entertainment Ltd.",0.31,0.679,2,-5.524,1,0.0332,0.0515,0.00656,0.143,0.374,123.5,4
spotify:track:1RV2L34ReucvjTtHE1hYlI,"זן נדיר","זן נדיר","קורין אלאל",1992-05-01,287000,0,false,0l9aprgeray7lhpnynou763jx,2020-04-29T08:01:31Z,"","NMC United Entertainment Ltd.",0.534,0.656,2,-11.192,0,0.0311,0.0142,0.0000156,0.113,0.384,123.879,4
spotify:track:242Iq9ljV6zw7nMVwbXFA8,"Shesh Esre Malou La'naar","Naar Shachor Einaim","גבי שושן",1973-01-01,180636,34,false,0l9aprgeray7lhpnynou763jx,2020-04-29T08:02:05Z,"מזרחית","Unicell",0.616,0.856,4,-4.915,0,0.0692,0.147,0,0.376,0.847,150.154,4
spotify:track:44tZuCt7cz71rpBYBBAbsx,"איתי","אם אלה החיים","קרן פלס",2006-11-07,160333,0,false,0l9aprgeray7lhpnynou763jx,2020-04-29T08:02:16Z,"מזרחית","Hed Arzi Ltd",0.581,0.404,11,-8.273,1,0.0524,0.78,0,0.169,0.474,110.148,4
spotify:track:3vA1xBtZ4hj1yRl6BsOnC1,"זרעים של מסטיק","דליה פרידלנד - זרעים של מסטיק","דליה פרידלנד;Yaldey Kibutz Beit Alfa",1967-01-01,178906,0,false,0l9aprgeray7lhpnynou763jx,2020-04-29T08:02:39Z,"מוזיקה לילדים","NMC United Entertainment Ltd.",0.7,0.252,3,-12.051,1,0.514,0.859,0.00000673,0.233,0.801,110.828,4
spotify:track:7kBRXTqXE3eYXNY1dLe0h5,"אני וסימון ומואיז הקטן","יוסי בנאי (1979)","יוסי בנאי",1979-01-01,231386,0,false,0l9aprgeray7lhpnynou763jx,2020-04-29T08:02:56Z,"","Hed Arzi Ltd.",0.588,0.638,0,-5.92,0,0.0316,0.309,0.00000143,0.0992,0.6,131.494,4
spotify:track:2ezzXB5jzRV6l7EqmK9cKH,"שיר לשירה","מירי מסיקה","מירי מסיקה",2005-01-01,300933,34,false,0l9aprgeray7lhpnynou763jx,2020-04-29T08:03:38Z,"מזרחית","Anana",0.495,0.462,10,-6.68,1,0.026,0.176,0,0.391,0.256,101.901,3
spotify:track:0l3LHnTo7jCyqtgi8gLAXw,"ילדים","יפה כלבנה","אביתר בנאי",2013-08-08,204640,0,false,0l9aprgeray7lhpnynou763jx,2020-04-29T08:03:59Z,"מזרחית","Hed Arzi Ltd",0.491,0.299,9,-12.869,1,0.0303,0.76,0.00578,0.125,0.114,129.553,4
spotify:track:5AIHbV6mWmuVcEdwEyiE9k,"אתה פה חסר לי","בתוך הסערות","נורית גלרון",1992-09-01,301506,0,false,0l9aprgeray7lhpnynou763jx,2020-04-29T08:04:11Z,"מזרחית","NMC United Entertainment Ltd.",0.445,0.507,10,-9.611,0,0.0287,0.336,0.00338,0.251,0.218,163.13,3
spotify:track:6elxnDjkHb8CJVnYczpgsr,"Pergola","Leshonot Shel Esh","אביתר בנאי",2017-02-14,262140,0,false,0l9aprgeray7lhpnynou763jx,2020-04-29T11:04:29Z,"מזרחית","Hed Arzi Ltd",0.678,0.92,4,-6.515,0,0.111,0.226,0.00279,0.104,0.544,136.008,4
spotify:track:2zqnBfsROZ7YLx7MT0o6IM,"היא כל כך יפה","צפוף באוזן","כוורת",1975-01-01,194000,0,false,0l9aprgeray7lhpnynou763jx,2020-04-29T11:05:19Z,"מזרחית","Hed Arzi Ltd",0.585,0.426,11,-12.342,0,0.0248,0.496,0,0.0805,0.71,91.707,4
spotify:track:1VeUjSM7W0bUIQ5gAVvG5L,"יש בי אהבה","יש בי אהבה","אריק איינשטיין;אנסמבל שם-טוב לוי",1995-03-01,253466,0,false,0l9aprgeray7lhpnynou763jx,2020-04-29T11:05:32Z,"מזרחית","NMC United Entertainment Ltd.",0.691,0.397,5,-11.782,1,0.0294,0.548,0.0000393,0.0917,0.328,83.878,4
spotify:track:0lMYWkAWnCuyA14k9pdeHU,"אוהב להיות בבית","אוהב להיות בבית","אריק איינשטיין;מיקי גבריאלוב",1986-09-01,273173,0,false,0l9aprgeray7lhpnynou763jx,2020-04-29T11:05:37Z,"מזרחית","NMC United Entertainment Ltd.",0.746,0.653,0,-12.177,0,0.0352,0.105,0,0.351,0.916,128.655,4
spotify:track:13cn5UbRyVWi06mdAbOuyT,"בלוז כנעני","ענה לי","אהוד בנאי",2004-01-18,253040,0,false,0l9aprgeray7lhpnynou763jx,2020-04-29T11:06:01Z,"מזרחית","NMC United Entertainment Ltd.",0.469,0.447,7,-8.79,1,0.0257,0.586,0.0000255,0.309,0.394,96.953,4
spotify:track:3Ii50Cq46p87Y4OLmudecE,"שיר ההד","דיוקן","אריק לביא",1975-01-01,227333,0,false,0l9aprgeray7lhpnynou763jx,2020-04-29T11:06:20Z,"","NMC United Entertainment Ltd.",0.34,0.301,2,-11.971,1,0.0319,0.909,0.000698,0.14,0.166,93.662,4
spotify:track:2Ahs7HNknMEy3fdrxhctNm,"האיש ההוא - Remaster","האוסף המחומש - גבר הולך לאיבוד/דרכים/חצות/הופעה בצוותא","שלמה ארצי",2013-11-26,290200,0,false,0l9aprgeray7lhpnynou763jx,2020-04-29T11:07:09Z,"מזרחית","Hed Arzi Ltd",0.417,0.419,0,-12.056,1,0.0354,0.483,0,0.371,0.582,140.609,4
spotify:track:0f2o6x0CNLCKHAApOhBUbl,"עברתי רק כדי לראות","אפרים ואסתר שמיר","אפרים שמיר;אסתר שמיר",1977-01-01,200000,0,false,0l9aprgeray7lhpnynou763jx,2020-04-29T11:07:19Z,"","NMC United Entertainment Ltd",0.391,0.473,2,-11.881,0,0.0417,0.427,0,0.175,0.539,168.322,4
spotify:track:1kfWpoEfoLhsJn7vPSTBPT,"לקחת את ידי בידך","יהודית רביץ","יהודית רביץ",1979-09-01,212826,0,false,0l9aprgeray7lhpnynou763jx,2020-04-29T11:07:26Z,"מזרחית","NMC United Entertainment Ltd.",0.577,0.447,2,-16.187,0,0.0412,0.424,0.00065,0.0837,0.675,84.476,4
spotify:track:5ezprryiM8Esx31GjYCLcr,"יהיה טוב - שיר שלום מס' א / 349","שיחות סלון","דויד ברוזה;יהונתן גפן",2019-05-29,256992,16,false,0l9aprgeray7lhpnynou763jx,2020-04-29T11:07:40Z,"מזרחית,Anti-folk","Unicell",0.398,0.292,2,-14.792,1,0.0326,0.314,0.000744,0.105,0.388,138.976,4
spotify:track:0tu9APBQnMGFCKn7gxJW3s,"שוב","התשמע קולי - האוסף","ג'וזי כץ;שמוליק קראוס",2000-01-03,218520,0,false,0l9aprgeray7lhpnynou763jx,2020-04-29T11:08:23Z,"","Hed Arzi Ltd.",0.276,0.56,9,-7.156,0,0.0343,0.867,0.51,0.0682,0.214,169.239,4
spotify:track:2LAe72tFuUBqWr3kNRhwJI,"סוף העונה","אמצע ספטמבר","גלי עטרי",1986-03-01,227266,0,false,0l9aprgeray7lhpnynou763jx,2020-04-29T11:08:46Z,"מזרחית","NMC United Entertainment Ltd.",0.434,0.334,11,-11.588,1,0.031,0.539,0,0.298,0.317,188.825,3
spotify:track:6elkcYlAmWyLXk1VQHXr0x,"גשם","גשם","מאיר בנאי",1987-12-01,300986,0,false,0l9aprgeray7lhpnynou763jx,2020-04-29T11:09:24Z,"מזרחית","NMC United Entertainment Ltd.",0.468,0.277,9,-12.149,0,0.0289,0.862,0.00000989,0.326,0.264,106.965,4
spotify:track:0enJ9zxO1lY6jbv0gO0AgQ,"סוף לסיפור","באה מאהבה","יהודית רביץ",1987-07-01,272026,0,false,0l9aprgeray7lhpnynou763jx,2020-04-29T11:09:31Z,"מזרחית","NMC United Entertainment Ltd.",0.583,0.18,0,-15.012,1,0.0306,0.743,0,0.12,0.39,168.646,3
spotify:track:7dvDVtzULWSx29jQNGQMAt,"איך הוא שר","בדרך אל האושר","דני רובס",1989-01-01,259493,0,false,0l9aprgeray7lhpnynou763jx,2020-04-29T11:09:57Z,"","Hed Arzi Ltd.",0.68,0.472,4,-16.272,0,0.0325,0.287,0.00255,0.094,0.562,122.42,4
spotify:track:0LaLD61U7RqmyVpniU1n39,"שקיעתה של הזריחה","סיפורים מהקופסא","רמי פורטיס;ברי סחרוף;פורטיסחרוף",1988-12-07,311000,21,false,0l9aprgeray7lhpnynou763jx,2020-04-29T11:10:21Z,"מזרחית","NaNa Disc",0.591,0.477,9,-13.058,0,0.0324,0.702,0.388,0.0937,0.3,114.063,4
spotify:track:4V4d1NAspdf2fS0cy85J7v,"אפר ואבק","אפר ואבק","יהודה פוליקר",1988-01-01,272960,0,false,0l9aprgeray7lhpnynou763jx,2020-04-29T11:10:30Z,"מזרחית","NMC United Entertainment Ltd.",0.484,0.328,5,-11.807,0,0.0262,0.87,0.0000219,0.129,0.143,76.34,4
spotify:track:5qmxJpeSG0DfgQ3a9P0asR,"לא עוזב את העיר","חצות","שלמה ארצי",1981-06-01,286000,0,false,0l9aprgeray7lhpnynou763jx,2020-04-29T11:11:00Z,"מזרחית","Hed Arzi Ltd",0.627,0.438,6,-11.578,0,0.0396,0.161,0,0.306,0.273,124.208,4
spotify:track:0z99FK0j6pbqgFQrNrYAIe,"הרדופים","מקום","שלמה ארצי",1982-10-01,193826,0,false,0l9aprgeray7lhpnynou763jx,2020-04-29T11:11:06Z,"מזרחית","Hed Arzi Ltd",0.593,0.275,2,-14.144,0,0.0318,0.857,0.973,0.174,0.277,123.144,4
spotify:track:5zGh7Gjg9ZHXEEZJj5GxNX,"שיר דרך","חתונה לבנה","שלום חנוך",1981-11-01,296026,0,false,0l9aprgeray7lhpnynou763jx,2020-04-29T11:11:51Z,"מזרחית","NMC United Entertainment Ltd.",0.582,0.734,0,-7.18,1,0.0264,0.0674,0.00000906,0.0529,0.461,90.371,4
spotify:track:02IKe06XpB0LkKdvCyJKWt,"שביר","שביר","אריק איינשטיין;יצחק קלפטר",1983-08-01,219000,0,false,0l9aprgeray7lhpnynou763jx,2020-04-29T11:11:58Z,"מזרחית","NMC United Entertainment Ltd.",0.729,0.512,2,-13.078,1,0.0284,0.00208,0.0408,0.242,0.933,124.959,4
spotify:track:7nNGBoWdoBhhpTNrCpsqRJ,"הכניסיני תחת כנפך","חמוש במשקפיים","אריק איינשטיין;מיקי גבריאלוב",1980-11-01,295000,0,false,0l9aprgeray7lhpnynou763jx,2020-04-29T11:12:03Z,"מזרחית","NMC United Entertainment Ltd.",0.293,0.273,8,-15.639,1,0.0276,0.771,0,0.13,0.225,143.245,4
spotify:track:24brMnlSBc8JljTY9rF87A,"מחכים למשיח","מחכים למשיח","שלום חנוך",1985-03-01,343920,0,false,0l9aprgeray7lhpnynou763jx,2020-04-29T11:12:07Z,"מזרחית","NMC United Entertainment Ltd.",0.596,0.873,7,-7.263,1,0.157,0.0656,0.0000373,0.0892,0.801,95.32,4
spotify:track:1nFtO1pBKeNjc4gjiHrYfs,"אם הייתי שר לך","נולדתי במזל בתולה","יגאל בשן",1983-01-01,203600,0,false,0l9aprgeray7lhpnynou763jx,2020-04-29T11:13:22Z,"מזרחית","Hed Arzi Ltd",0.624,0.338,0,-14.326,1,0.0334,0.593,0.0000803,0.239,0.455,79.105,4
spotify:track:3ihFzJkZ3I0fZGWe567fHD,"אנחנו נשארים בארץ","ציפור קטנה בלב - האוסף","יגאל בשן",2001-01-02,186600,0,false,0l9aprgeray7lhpnynou763jx,2020-04-29T11:13:34Z,"מזרחית","Hed Arzi Ltd",0.656,0.815,7,-5.214,1,0.0316,0.549,0.000669,0.208,0.941,122.338,4
spotify:track:5cMdnuXV68TvLuwKXtYKBa,"רואים רחוק רואים שקוף","גלגל מסתובב","שמוליק קראוס",1982-01-01,182173,0,false,0l9aprgeray7lhpnynou763jx,2020-04-29T11:13:43Z,"","Hed Arzi Ltd.",0.559,0.306,9,-15.554,0,0.0256,0.316,0,0.145,0.187,92.789,3
spotify:track:1G607K69kMl1wWMxjBXgA9,"היא תיקח אותך","דפנה ארמוני","דפנה ארמוני",1986-09-01,263000,0,false,0l9aprgeray7lhpnynou763jx,2020-04-29T11:13:50Z,"","NMC United Entertainment Ltd.",0.707,0.715,2,-13.077,1,0.0416,0.318,0.0000279,0.0794,0.889,150.257,4
spotify:track:2XQIlmuOP60QOQm0pWFAiz,"אנשי הגשם","להקת חופים","Moshe Datz;Hofim Group",1985-01-01,178840,0,false,0l9aprgeray7lhpnynou763jx,2020-04-29T11:14:10Z,"","NMC United Entertainment Ltd.",0.445,0.499,5,-8.671,0,0.0854,0.8,0,0.0902,0.698,75.963,3
spotify:track:328rbe0qf3bi4eIAK7FKnD,"דם חם","שרי - הלהיטים הגדולים","שרי",2019-07-24,251653,25,false,0l9aprgeray7lhpnynou763jx,2020-04-29T11:14:23Z,"","Alon Amir",0.453,0.841,10,-9.378,0,0.0526,0.266,0.0053,0.111,0.8,146.684,4
spotify:track:3TTBWCRjrWEl87ZtXnby2C,"צל עץ תמר ואור ירח","היו זמנים","זוהר ארגוב",1989-01-01,343066,7,false,0l9aprgeray7lhpnynou763jx,2020-04-29T11:14:52Z,"מזרחית","2014 Reuveni Productions By PIL LTD",0.371,0.807,5,-6.286,0,0.0648,0.143,0,0.253,0.648,160.987,4
spotify:track:2uhE4Svs0QbA9xZEZMAf5v,"כמה פעמים","כמה פעמים ספרת עד עשר","רפי פרסקי",1989-11-01,260066,0,false,0l9aprgeray7lhpnynou763jx,2020-04-29T11:15:07Z,"מזרחית","NMC United Entertainment Ltd.",0.536,0.441,1,-11.138,1,0.0272,0.12,0,0.0849,0.311,79.117,4
spotify:track:4iYY6ORen1oEYE7VAvuzof,"סדר יום","להקה רטורית","להקה רטורית;יוסי אלפנט",2016-09-06,230017,29,false,0l9aprgeray7lhpnynou763jx,2020-04-29T11:15:19Z,"","NaNa Disc",0.617,0.805,7,-8.357,1,0.0462,0.0133,0.234,0.718,0.881,132.339,4
spotify:track:3DzH4Ee66GqVuScttPlBPj,"בן-בסט","תגיד לי מה אתה מרגיש","אלון אולארצ'יק",1993-06-01,252240,0,false,0l9aprgeray7lhpnynou763jx,2020-04-29T11:15:37Z,"מזרחית","NMC United Entertainment Ltd.",0.656,0.657,6,-12.023,0,0.0312,0.251,0.00000891,0.113,0.968,122.283,4
spotify:track:4dHeG5adqNGIaLviWJMPeB,"השיר שלנו","לילות לבנים","אביב גפן",1999-03-12,265666,0,false,0l9aprgeray7lhpnynou763jx,2020-04-29T11:15:54Z,"מזרחית","NMC United Entertainment Ltd.",0.51,0.661,9,-7.903,1,0.0258,0.0906,0.0000635,0.0972,0.36,94.881,4
spotify:track:3xYFL8jNvGkxacaHfAgkEP,"דוד ושאול","השלישי","אהוד בנאי",1992-09-01,258933,0,false,0l9aprgeray7lhpnynou763jx,2020-04-29T11:16:13Z,"מזרחית","NMC United Entertainment Ltd.",0.598,0.589,4,-13.802,0,0.0286,0.131,0.0124,0.156,0.665,130.703,4
spotify:track:018pVg2KCTaEClitdZEp37,"שמחות קטנות","אותו מקום אותה הרוח","עמיר בניון",1999-01-01,259448,40,false,0l9aprgeray7lhpnynou763jx,2020-04-29T11:17:38Z,"מזרחית","Unicell",0.607,0.608,4,-8.536,0,0.0295,0.502,0.0439,0.0796,0.404,115.958,4
spotify:track:52U4eEMOwjHVq3Qgf8dA2C,"מחפש תשובה","מציאות נפרדת","היהודים",1995-01-08,245493,0,false,0l9aprgeray7lhpnynou763jx,2020-04-29T11:18:05Z,"","Hed Arzi Ltd",0.602,0.759,8,-6.673,1,0.12,0.00474,0.00000278,0.345,0.662,134.057,4
spotify:track:2Rn2qItldrMYs4AUi8tyks,"נפלת חזק","זמן סוכר","איפה הילד",1993-01-01,296360,44,false,0l9aprgeray7lhpnynou763jx,2020-04-29T11:18:12Z,"","Anana",0.484,0.479,11,-10.629,1,0.0263,0.0021,0.000751,0.11,0.326,99.565,3
spotify:track:418AYvNVixfulANGlXE7xY,"עוד נגיעה","שינויים בהרגלי הצריחה","החברים של נטאשה",2015-03-05,306666,0,false,0l9aprgeray7lhpnynou763jx,2020-04-29T11:18:28Z,"מזרחית","The Eight Note",0.489,0.526,7,-13.556,1,0.0258,0.00865,0.000191,0.127,0.454,103.991,4
spotify:track:2uhSwnfFowkJYAKwmWmAjm,"פרדי על הבוקר","רדיו בלה בלה","החברים של נטאשה",2015-03-06,382293,0,false,0l9aprgeray7lhpnynou763jx,2020-04-29T11:18:34Z,"מזרחית","The Eight Note",0.408,0.44,7,-10.64,0,0.0337,0.327,0.00708,0.109,0.0851,125.995,4
spotify:track:5pzwB4XbcdYYsAuv12dNtw,"היי","בית","עילי בוטנר;Yaldei Hachutz",2017-09-05,228875,0,false,0l9aprgeray7lhpnynou763jx,2020-04-29T11:18:58Z,"מזרחית","NMC United Entertainment Ltd.",0.556,0.664,2,-7.293,0,0.0318,0.0218,0,0.07,0.39,109.003,4
spotify:track:67dg9xeMIRXjcQbmbWtBFW,"אלוף העולם","אלוף העולם","חנן בן ארי",2019-02-17,215625,0,false,0l9aprgeray7lhpnynou763jx,2020-04-29T11:19:11Z,"מזרחית","Mobile1 Music",0.583,0.433,10,-8.309,0,0.0501,0.746,0,0.133,0.22,127.513,4
spotify:track:1roNiRl3vf5mMtN38P770r,"Aba","Ani Shar Elaich","שלומי שבת",2014-03-01,241533,31,false,0l9aprgeray7lhpnynou763jx,2020-04-29T11:19:18Z,"מזרחית","Teta",0.552,0.415,10,-8.651,0,0.0269,0.34,0,0.148,0.326,135.966,4
spotify:track:7Ck421SAROdN0Q6RXMbic7,"הלב שלי","אלול תשע״ט","ישי ריבו",2019-09-15,239000,50,false,0l9aprgeray7lhpnynou763jx,2020-04-29T11:19:47Z,"מזרחית","2019 Ishay Ribo BY PIL LTD",0.563,0.419,3,-9.262,1,0.0294,0.643,0.0000281,0.0693,0.256,136.01,4
spotify:track:1vTVrYErMEixGuPZFZGg6C,"רוק 30","גם זה יעבור","טונה",2015-08-06,277241,47,false,0l9aprgeray7lhpnynou763jx,2020-04-29T11:19:54Z,"מזרחית","Anana",0.515,0.841,3,-7.014,0,0.192,0.167,0.0000082,0.0768,0.608,86.85,4
spotify:track:5pRANmHOjD5Ig6qJy250vk,"מרוב אהבה שותק","אין אף אחד בבית","בעז בנאי",2013-11-11,207226,0,false,0l9aprgeray7lhpnynou763jx,2020-04-29T11:20:01Z,"","NMC United Entertainment Ltd.",0.568,0.604,11,-4.056,0,0.026,0.433,0,0.122,0.396,103.988,4
spotify:track:094EomfUAtwLtniHpIHzzr,"מות התפוז","זמן התפוז","רונה קינן",2019-03-07,184014,28,false,0l9aprgeray7lhpnynou763jx,2020-04-29T11:20:28Z,"","Helicon Music",0.674,0.521,0,-9.698,1,0.0278,0.416,0.0000489,0.109,0.737,138.036,4
spotify:track:3ncNTFdLjuXOmp1Jdt7xwW,"פקק תנועה","עומד על נייר","אביתר בנאי",2005-01-03,221106,0,false,0l9aprgeray7lhpnynou763jx,2020-04-29T11:20:52Z,"מזרחית","Hed Arzi Ltd",0.322,0.664,4,-5.677,1,0.0312,0.187,0.00022,0.0725,0.363,179.917,3
spotify:track:4gA6WqqWBMZHHoGaGkhy2J,"בסוף של יום","על המשמרת","פורטיסחרוף;רמי פורטיס;ברי סחרוף",2006-03-09,218266,39,false,0l9aprgeray7lhpnynou763jx,2020-04-29T11:21:24Z,"מזרחית","NaNa Disc",0.494,0.576,6,-7.04,0,0.0259,0.114,0.00115,0.107,0.618,74.878,4
spotify:track:36Zm3xkTHorNCj87ecEfDn,"רכבת לצפון","הרי את","אסף אמדורסקי",2008-12-23,251693,0,false,0l9aprgeray7lhpnynou763jx,2020-04-29T11:21:48Z,"מזרחית","The Eight Note",0.593,0.869,5,-5.199,1,0.0304,0.023,0.00522,0.53,0.89,110,3
spotify:track:6qs1j8cwCDt94Wc92LvH8s,"אור ישראלי","אור ישראלי","שלום חנוך",2003-03-19,284906,0,false,0l9aprgeray7lhpnynou763jx,2020-04-29T11:22:15Z,"מזרחית","NMC United Entertainment Ltd.",0.53,0.644,0,-8.085,0,0.0259,0.551,0.0000198,0.149,0.286,92.846,4
spotify:track:6G9nY0aJNcQ8BHJjgRCgZ5,"יצאנו לרקוד","קובי","הדורבנים",2003-01-06,288680,38,false,0l9aprgeray7lhpnynou763jx,2020-04-29T11:23:01Z,"","Helicon Music",0.662,0.889,9,-6.325,1,0.0446,0.0179,0.000367,0.131,0.857,126.093,4
spotify:track:3Zcm1DH6YSlU9y0WAz8F3i,"אני רץ","מתוך בחירה","דודו טסה",2003-01-01,176240,44,false,0l9aprgeray7lhpnynou763jx,2020-04-29T11:23:05Z,"מזרחית","Helicon Music",0.736,0.745,8,-5.631,0,0.0282,0.358,0.000292,0.0738,0.917,106.029,4
spotify:track:6atDujMlDv0VSxRqFzIjs6,"לולה","לולה","דודו טסה",2006-07-05,198666,0,false,0l9aprgeray7lhpnynou763jx,2020-04-29T11:23:10Z,"מזרחית","Hed Arzi Ltd.",0.503,0.601,11,-5.991,0,0.0319,0.53,0,0.133,0.302,151.852,4
spotify:track:1qbleovieFzt9syTjiF98Y,"כמה עוד אפשר","הראל סקעת","הראל סקעת",2006-03-07,260706,0,false,0l9aprgeray7lhpnynou763jx,2020-04-29T11:23:27Z,"מזרחית","Hed Arzi Ltd",0.47,0.704,9,-3.705,1,0.0322,0.136,0,0.066,0.392,81.073,4
spotify:track:3tHJRYN2OSOdgSJq1X8yeb,"הריקוד המוזר של הלב","עיניים זרות (Deluxe Edition)","רונה קינן;גידי גוב",2007-02-21,260279,0,false,0l9aprgeray7lhpnynou763jx,2020-04-29T11:23:44Z,"מזרחית","NMC United Entertainment Ltd.",0.581,0.565,5,-6.637,0,0.0468,0.521,0.000112,0.191,0.585,175.91,3
spotify:track:0h9lqpfcS37U6zvDCKwQhX,"אייכה","נקודה טובה","שולי רנד",2008-04-24,246920,47,false,0l9aprgeray7lhpnynou763jx,2020-04-29T11:23:52Z,"מזרחית","NaNa Disc",0.544,0.228,1,-11.52,1,0.0285,0.941,0.0000163,0.112,0.216,83.934,4
spotify:track:6qIROspfCaewxJl3EqPq2M,"עירומים","עירומים","שחר אבן צור",2003-01-01,235693,0,false,0l9aprgeray7lhpnynou763jx,2020-04-29T11:24:27Z,"","Hed Arzi Ltd.",0.651,0.73,9,-6.249,1,0.0434,0.303,0,0.0659,0.943,170.011,4
spotify:track:01kMO31r8a5dDpZyJ3xBRQ,"בין האצבעות","רותי נבון","רותי נבון",1974-01-01,315666,0,false,0l9aprgeray7lhpnynou763jx,2020-04-29T11:25:00Z,"","Hed Arzi Ltd.",0.348,0.821,5,-10.364,0,0.145,0.755,0.161,0.612,0.623,189.089,4
spotify:track:5pMHe8o0ZIQ463FQ1NUveG,"מוסיקה (מעלה מעלה)","מוסיקה","צביקה פיק",1978-12-01,258173,0,false,0l9aprgeray7lhpnynou763jx,2020-04-29T11:25:05Z,"מזרחית","NMC United Entertainment Ltd.",0.56,0.887,4,-8.088,1,0.103,0.254,0.00000829,0.039,0.766,147.131,4
spotify:track:6D05kiqWifuvY78Hp7ayBp,"עוד תראי את הדרך","סוף היום","מתי כספי",1981-10-01,296426,0,false,0l9aprgeray7lhpnynou763jx,2020-04-29T11:25:39Z,"","NMC United Entertainment Ltd.",0.687,0.583,11,-10.086,0,0.0333,0.489,0.0223,0.0826,0.709,101.685,4
spotify:track:6Cv7NuNWXLfjmYo0ikVTeq,"אלף כבאים","דודה","דודה",1980-12-01,249000,0,false,0l9aprgeray7lhpnynou763jx,2020-04-29T11:25:54Z,"","NMC United Entertainment Ltd.",0.728,0.513,0,-10.514,1,0.0446,0.115,0.00000106,0.111,0.891,124.594,4
spotify:track:06ltmIGMSx0EgSCgmMPWg9,"ניגע אל החלום","על פני האדמה","שלום חנוך",1983-11-01,203800,0,false,0l9aprgeray7lhpnynou763jx,2020-04-29T11:26:13Z,"מזרחית","NMC United Entertainment Ltd.",0.297,0.108,4,-16.276,1,0.0381,0.93,0.0000179,0.125,0.225,125.852,4
spotify:track:6b6tkDNm51Lx253ndAEtNN,"When You're Gone","Churchill's","צ'רצ'ילים",1969-09-01,199626,0,false,0l9aprgeray7lhpnynou763jx,2020-04-29T11:26:48Z,"רוק פסיכדלי,אסיד רוק","Hed Arzi Ltd.",0.48,0.449,2,-14.561,1,0.0279,0.375,0.591,0.225,0.6,102.074,4
spotify:track:7pvk9fxKdUfQFulPJZrKrT,"אילו ציפורים","הלהקה - פסקול הסרט","Participants of 'The Troup'",1977-01-01,214000,0,false,0l9aprgeray7lhpnynou763jx,2020-04-29T11:27:07Z,"","NMC United Entertainment Ltd.",0.426,0.324,0,-13.768,1,0.0277,0.62,0,0.121,0.546,110.442,4
spotify:track:4g53mzkbA9mc6wSiecywhc,"הנה הנה","מתי כספי (1976)","מתי כספי",1976-10-01,328053,0,false,0l9aprgeray7lhpnynou763jx,2020-04-29T11:28:14Z,"","NMC United Entertainment Ltd.",0.544,0.691,5,-8.654,0,0.0765,0.564,0.00000972,0.151,0.411,94.808,4
spotify:track:5E8kT0lv1GzML6FVbfzkiH,"שמש, שמש","אריאל זילבר","אריאל זילבר",2012-01-01,388000,0,false,0l9aprgeray7lhpnynou763jx,2020-04-29T11:28:28Z,"","The Eight Note",0.677,0.573,9,-12.427,1,0.0466,0.387,0.00555,0.0966,0.96,142.795,4
spotify:track:4ry8eY8jzgdzWT68LxlyiR,"עבדים","נגיעות","ברי סחרוף",1998-12-03,304573,42,false,0l9aprgeray7lhpnynou763jx,2020-04-29T11:28:42Z,"מזרחית","NaNa Disc",0.505,0.799,4,-6.333,0,0.0279,0.00135,0.00000635,0.0973,0.39,97.651,4
spotify:track:7GdGGR8ZH4zo3Lck7Ie4fr,"כמה טוב שבאת הביתה","בהופעה חיה (Live)","שלום חנוך",1978-05-01,321800,0,false,0l9aprgeray7lhpnynou763jx,2020-04-29T11:28:58Z,"מזרחית","NMC United Entertainment Ltd.",0.526,0.404,2,-18.53,1,0.0358,0.543,0.00842,0.107,0.445,81.851,4
spotify:track:61v4jFEMas8Ma1C0wK0DEJ,"האיש שראה הכל","האיש שראה הכל","רוקפור",1995-03-01,201493,0,false,0l9aprgeray7lhpnynou763jx,2020-04-29T11:29:58Z,"","Hed Arzi Ltd.",0.325,0.598,5,-11.425,1,0.0354,0.185,0.0326,0.107,0.6,155.438,4
spotify:track:36QzUuFWpPRQpDd40oFcha,"יש בך","החברים של נטאשה","החברים של נטאשה",1989-01-01,131960,0,false,0l9aprgeray7lhpnynou763jx,2020-04-29T11:30:14Z,"מזרחית","Hed Arzi Ltd.",0.499,0.061,7,-18.218,0,0.0336,0.952,0.00000263,0.168,0.171,97.231,4
spotify:track:1YUBNbUWBJkAQyGNCKE9pG,"She'eriot Shel Ha'Chaim (Scraps of Life)","Within My Walls","עידן רייכל;אמיר דדון",2009-01-20,185666,0,false,0l9aprgeray7lhpnynou763jx,2020-04-29T11:30:42Z,"מזרחית","Cumbancha",0.378,0.573,1,-7.389,1,0.0307,0.196,0.000673,0.0942,0.443,171.523,4
spotify:track:4pXJIHc1ngbz8cWY9iwKAW,"רוחות הצפון","קרוב","אהוד בנאי",1989-09-01,295000,0,false,0l9aprgeray7lhpnynou763jx,2020-04-30T12:17:43Z,"מזרחית","NMC United Entertainment Ltd.",0.678,0.676,4,-11.606,1,0.0295,0.273,0,0.0346,0.944,130.108,4
spotify:track:3jsG1Pnk6mP2mbHl98L0Yi,"ניסים","זה לא אותו דבר","עברי לידר",2005-01-01,210586,31,false,0l9aprgeray7lhpnynou763jx,2020-04-30T12:18:26Z,"מזרחית","Helicon Music",0.718,0.574,5,-5.759,0,0.0282,0.235,0,0.276,0.783,102.968,4
spotify:track:52JYMC5gNDsTKuRwG1E36M,"שובי לביתך","התעוררות","שם-טוב לוי",1981-01-01,194000,0,false,0l9aprgeray7lhpnynou763jx,2020-04-30T12:18:39Z,"","Hed Arzi Ltd.",0.522,0.136,9,-18.851,0,0.0285,0.895,0.0000021,0.109,0.167,82.648,4
spotify:track:3knXGCAaGa7evVYfinGcWF,"היום","ענה לי","אהוד בנאי",2004-01-18,235586,0,false,0l9aprgeray7lhpnynou763jx,2020-04-30T12:18:42Z,"מזרחית","NMC United Entertainment Ltd.",0.633,0.562,7,-7.707,0,0.0265,0.325,0.000158,0.126,0.383,100.905,4
spotify:track:0C6BM7xReDa3Uz1kmImsAE,"אור הירח","זה רק אור הירח","אביב גפן",1992-05-28,226160,0,false,0l9aprgeray7lhpnynou763jx,2020-04-30T12:19:06Z,"מזרחית","NMC United Entertainment Ltd.",0.305,0.597,9,-9.055,1,0.0307,0.0739,0.000129,0.098,0.415,150.558,4
spotify:track:4Po8j2Fgcl1DibtT426jzP,"ככה היא באמצע","צפוף באוזן","כוורת",1975-01-01,287000,0,false,0l9aprgeray7lhpnynou763jx,2020-04-30T12:20:41Z,"מזרחית","Hed Arzi Ltd",0.642,0.657,7,-10.31,1,0.0368,0.388,0.0000114,0.349,0.818,129.128,4
spotify:track:6la9BeVp4WHDBfmBhEcx9q,"מי מפחד מגברת לוין","השלושרים","השלושרים",1969-08-01,267986,0,false,0l9aprgeray7lhpnynou763jx,2020-04-30T12:23:23Z,"","Hed Arzi Ltd.",0.583,0.63,7,-7.557,1,0.0395,0.612,0,0.333,0.839,119.936,4
spotify:track:2LL7pUFMMYCswsi6ulwBPn,"ממריאה ברוח","ממריאה ברוח","גלי עטרי",1984-04-01,244000,0,false,0l9aprgeray7lhpnynou763jx,2020-04-30T12:24:37Z,"מזרחית","NMC United Entertainment Ltd.",0.795,0.657,1,-12.762,1,0.0638,0.0467,0.000951,0.047,0.963,112.611,4
spotify:track:3DwZEwNTAjrLCU0Avii7tM,"ערב עירוני","יוסי בנאי","יוסי בנאי",1987-11-01,353573,0,false,0l9aprgeray7lhpnynou763jx,2020-04-30T12:26:15Z,"","NMC United Entertainment Ltd.",0.519,0.592,1,-6.297,1,0.0402,0.379,0,0.0838,0.303,167.594,4
spotify:track:1vgT99ZVku4fUjaGhISM2D,"גלגל ענק","להיטי הזהב","חלב ודבש;גלי עטרי",1995,198866,26,false,0l9aprgeray7lhpnynou763jx,2020-04-30T12:26:20Z,"מזרחית","Unicell",0.374,0.662,1,-9.521,0,0.0384,0.431,0,0.181,0.565,131.336,4
spotify:track:5lNBQkE30wlmXkj0gqe8UY,"עברית קשה שפה","נישואין נוסח גירושין","יוסי בנאי",1973-01-01,361680,0,false,0l9aprgeray7lhpnynou763jx,2020-04-30T12:26:42Z,"","Hed Arzi Ltd.",0.4,0.602,7,-11.758,1,0.0724,0.65,0.0000382,0.118,0.483,122.017,4
spotify:track:2vsxFXroyIylUYnNzw6hfO,"אבסורד","שניים","שלמה ארצי",1996-02-25,241426,0,false,0l9aprgeray7lhpnynou763jx,2020-04-30T12:27:54Z,"מזרחית","Hed Arzi Ltd",0.614,0.273,6,-12.216,0,0.028,0.909,0.00000744,0.12,0.0977,138.093,4
spotify:track:3fxM17F5bZGuDFoMAiaYik,"כשבאתי לקחת אותה מהעננים","בציר טוב","אילן וירצברג;Shimon Gelbetz",1982-01-01,157106,0,false,0l9aprgeray7lhpnynou763jx,2020-04-30T12:28:18Z,"","NMC United Entertainment Ltd.",0.491,0.335,4,-10.941,0,0.0325,0.84,0,0.155,0.32,114.269,4
spotify:track:6Gslg9wLkm2J6PEHlVj2bX,"אמצע ספטמבר","האוסף","אסתר שמיר",1999-01-01,162333,0,false,0l9aprgeray7lhpnynou763jx,2020-04-30T12:28:45Z,"","Hed Arzi Ltd.",0.354,0.21,8,-12.91,0,0.0321,0.865,0.00000148,0.098,0.241,109.056,4
spotify:track:4bMcAn5SJtmyKbs0XRiKkH,"ערב קיץ ויונים","צוות הווי פיקוד מרכז-עם רוחמה","רוחמה רז;צוות הווי פיקוד המרכז",1976-01-01,234160,0,false,0l9aprgeray7lhpnynou763jx,2020-04-30T12:30:09Z,"","NMC United Entertainment Ltd.",0.695,0.695,1,-6.546,1,0.0328,0.661,0.00000223,0.238,0.925,132.09,4
spotify:track:0pabbrV6EWXlYR1KbDJe9F,"לא ידעתי שתלכי ממני","מתי כספי (1976)","מתי כספי",1976-10-01,343880,0,false,0l9aprgeray7lhpnynou763jx,2020-04-30T12:32:27Z,"","NMC United Entertainment Ltd.",0.588,0.334,10,-11.616,0,0.0325,0.643,0.00191,0.0744,0.379,173.439,3
